Date,Region,Median_price_per_m2,Transaction_count,Base_rate
2015-01-01,강원도,168.21946169772255,1687,2.0
2015-02-01,강원도,165.2559451833938,1609,2.0
2015-03-01,강원도,168.98008449004223,2285,1.75
2015-04-01,강원도,165.54758817278676,2006,1.75
2015-05-01,강원도,170.68864037669218,1649,1.75
2015-06-01,강원도,169.78475155904243,1735,1.5
2015-07-01,강원도,170.96596155135683,1798,1.5
2015-08-01,강원도,174.24782782754212,1668,1.5
2015-09-01,강원도,173.55412343555588,1718,1.5
2015-10-01,강원도,177.9000309249825,2042,1.5
2015-11-01,강원도,179.9661718656185,1650,1.5
2015-12-01,강원도,182.72425249169436,1553,1.5
2016-01-01,강원도,185.46847619786874,1531,1.5
2016-02-01,강원도,179.76588628762542,1429,1.5
2016-03-01,강원도,189.47797135673358,1970,1.5
2016-04-01,강원도,189.3748952572482,1763,1.5
2016-05-01,강원도,183.67762239143246,1688,1.5
2016-06-01,강원도,192.1142854522953,1772,1.25
2016-07-01,강원도,195.78396506292728,1717,1.25
2016-08-01,강원도,190.57171514543631,1679,1.25
2016-09-01,강원도,197.7633902295468,1547,1.25
2016-10-01,강원도,197.02788445483387,1801,1.25
2016-11-01,강원도,193.41061622940816,1607,1.25
2016-12-01,강원도,191.69861643607268,1183,1.25
2017-01-01,강원도,197.7894124490983,1099,1.25
2017-02-01,강원도,187.04074816299266,1201,1.25
2017-03-01,강원도,192.48395967002747,1609,1.25
2017-04-01,강원도,192.80538302277432,1467,1.25
2017-05-01,강원도,196.7650491912623,1399,1.25
2017-06-01,강원도,198.75852847024674,1610,1.25
2017-07-01,강원도,199.0140587913091,1365,1.25
2017-08-01,강원도,199.04257999496096,1263,1.25
2017-09-01,강원도,204.54545454545453,1295,1.25
2017-10-01,강원도,194.61824112910162,1102,1.25
2017-11-01,강원도,197.21403957557715,1256,1.5
2017-12-01,강원도,197.84131028755388,960,1.5
2018-01-01,강원도,195.03546099290782,2170,1.5
2018-02-01,강원도,198.41281771014943,1892,1.5
2018-03-01,강원도,194.01940194019403,2794,1.5
2018-04-01,강원도,192.5146448245303,2112,1.5
2018-05-01,강원도,191.85273243017386,1994,1.5
2018-06-01,강원도,189.58611481975967,2085,1.5
2018-07-01,강원도,188.23025046414116,1800,1.5
2018-08-01,강원도,190.47619047619048,1972,1.5
2018-09-01,강원도,195.9287531806616,1898,1.5
2018-10-01,강원도,192.80205655526993,2342,1.5
2018-11-01,강원도,186.02312719959778,1697,1.75
2018-12-01,강원도,190.83969465648858,1646,1.75
2019-01-01,강원도,179.19712219590372,1824,1.75
2019-02-01,강원도,178.31711020350514,1814,1.75
2019-03-01,강원도,177.03292812463118,2206,1.75
2019-04-01,강원도,181.49781068265864,2163,1.75
2019-05-01,강원도,181.16936590721932,2038,1.75
2019-06-01,강원도,182.8524989841528,1918,1.75
2019-07-01,강원도,178.64596376993072,2287,1.5
2019-08-01,강원도,180.45112781954887,2073,1.5
2019-09-01,강원도,183.35166850018337,2379,1.5
2019-10-01,강원도,184.1620626151013,2681,1.25
2019-11-01,강원도,188.88740304894358,2711,1.25
2019-12-01,강원도,202.3578026251823,3178,1.25
2020-01-01,강원도,193.25153374233128,2863,1.25
2020-02-01,강원도,193.61234162510456,3729,1.25
2020-03-01,강원도,187.95158689742817,3120,0.75
2020-04-01,강원도,183.8235294117647,3186,0.75
2020-05-01,강원도,196.0565743697547,3864,0.5
2020-06-01,강원도,211.1098006840429,4553,0.5
2020-07-01,강원도,196.00271479058003,4218,0.5
2020-08-01,강원도,195.7831325301205,3279,0.5
2020-09-01,강원도,194.2227558443393,3367,0.5
2020-10-01,강원도,197.7750309023486,1879,0.5
2021-03-01,강원도,209.87701696768727,2172,0.5
2021-04-01,강원도,217.55438859714928,169,0.5
2022-03-01,강원도,227.02702702702703,3926,1.25
2022-04-01,강원도,237.25981620718463,4094,1.5
2022-05-01,강원도,231.90025108992282,3712,1.75
2022-06-01,강원도,232.16972692766032,2928,1.75
2022-07-01,강원도,221.61971000825181,2090,2.25
2022-08-01,강원도,236.18471396797472,2148,2.5
2022-09-01,강원도,221.60499928866813,1824,2.5
2022-10-01,강원도,219.87092097817197,1692,3.0
2022-11-01,강원도,217.46405913509108,1528,3.25
2022-12-01,강원도,229.38623682579043,1338,3.25
2023-01-01,강원도,241.29484700141128,1498,3.5
2023-02-01,강원도,250.0,2138,3.5
2023-03-01,강원도,247.3906180053248,2722,3.5
2023-04-01,강원도,252.2124773518746,2340,3.5
2015-01-01,경기도,336.5497764179807,17151,2.0
2015-02-01,경기도,336.7240435366101,15972,2.0
2015-03-01,경기도,334.29113843188304,25207,1.75
2015-04-01,경기도,333.1330764543384,20304,1.75
2015-05-01,경기도,339.5585738539898,17583,1.75
2015-06-01,경기도,339.62264150943395,17581,1.5
2015-07-01,경기도,345.05171763535253,17297,1.5
2015-08-01,경기도,337.59772565742713,14679,1.5
2015-09-01,경기도,348.05255061161245,15466,1.5
2015-10-01,경기도,348.8045007032349,17755,1.5
2015-11-01,경기도,350.83588415352017,12041,1.5
2015-12-01,경기도,339.14096216181304,8968,1.5
2016-01-01,경기도,342.3513694054776,10179,1.5
2016-02-01,경기도,347.50854046413,9965,1.5
2016-03-01,경기도,347.3613894455578,15403,1.5
2016-04-01,경기도,362.07099893855406,15129,1.5
2016-05-01,경기도,363.258211619208,15878,1.5
2016-06-01,경기도,373.171961674231,18715,1.25
2016-07-01,경기도,373.33647391355555,18863,1.25
2016-08-01,경기도,371.50438720634025,18458,1.25
2016-09-01,경기도,380.6789815277084,18619,1.25
2016-10-01,경기도,382.03912363510227,21698,1.25
2016-11-01,경기도,373.4276729559748,12265,1.25
2016-12-01,경기도,363.75771733689305,9499,1.25
2017-01-01,경기도,368.763557483731,7131,1.25
2017-02-01,경기도,366.67583379168957,10332,1.25
2017-03-01,경기도,366.95592091902057,13514,1.25
2017-04-01,경기도,381.11539856555606,12616,1.25
2017-05-01,경기도,400.5340453938585,16626,1.25
2017-06-01,경기도,400.564555663314,18452,1.25
2017-07-01,경기도,408.52575488454704,17981,1.25
2017-08-01,경기도,383.7061499899025,12401,1.25
2017-09-01,경기도,394.08185840707966,13077,1.25
2017-10-01,경기도,391.77767033992967,10601,1.25
2017-11-01,경기도,396.64655288077904,10868,1.5
2017-12-01,경기도,415.3402937324007,10166,1.5
2018-01-01,경기도,429.73027067120324,15551,1.5
2018-02-01,경기도,422.9716048967637,14466,1.5
2018-03-01,경기도,398.2657793910062,18091,1.5
2018-04-01,경기도,370.65364476084017,11351,1.5
2018-05-01,경기도,372.3496881986116,11651,1.5
2018-06-01,경기도,382.97902380941173,11971,1.5
2018-07-01,경기도,389.4304352019856,12168,1.5
2018-08-01,경기도,450.00394990484455,21322,1.5
2018-09-01,경기도,421.9458944719344,22270,1.5
2018-10-01,경기도,381.01999763341615,15571,1.5
2018-11-01,경기도,364.9168901782619,9453,1.75
2018-12-01,경기도,355.2527674190582,8338,1.75
2019-01-01,경기도,342.1864534792584,12110,1.75
2019-02-01,경기도,333.50008337502084,10439,1.75
2019-03-01,경기도,335.2286188107084,14198,1.75
2019-04-01,경기도,342.0937833416592,14026,1.75
2019-05-01,경기도,358.94599333890386,15233,1.75
2019-06-01,경기도,388.3472294955605,17005,1.75
2019-07-01,경기도,402.1937842778794,20312,1.5
2019-08-01,경기도,394.19082925514084,19156,1.5
2019-09-01,경기도,400.200100050025,21019,1.5
2019-10-01,경기도,425.7309941520468,31496,1.25
2019-11-01,경기도,445.5674661009397,36532,1.25
2019-12-01,경기도,433.960217168787,37176,1.25
2020-01-01,경기도,421.4588485597807,37408,1.25
2020-02-01,경기도,409.3983624065504,58480,1.25
2020-03-01,경기도,379.3565683646113,29579,0.75
2020-04-01,경기도,363.3360858794385,23826,0.75
2020-05-01,경기도,392.7210972603872,31141,0.5
2020-06-01,경기도,439.35638434564913,63641,0.5
2020-07-01,경기도,449.35797210287217,39667,0.5
2020-08-01,경기도,422.2502003314585,26150,0.5
2020-09-01,경기도,417.90151178159886,24326,0.5
2020-10-01,경기도,403.86107365129953,13994,0.5
2020-11-01,경기도,383.3314105273243,4102,0.5
2020-12-01,경기도,371.35278514588856,4064,0.5
2021-01-01,경기도,361.2514783356628,3191,0.5
2021-02-01,경기도,337.0627054899827,1855,0.5
2021-03-01,경기도,431.67408606502096,12193,0.5
2021-04-01,경기도,341.7805935311771,425,0.5
2022-03-01,경기도,560.8353866009621,11918,1.25
2022-04-01,경기도,556.6731683257108,13392,1.5
2022-05-01,경기도,549.5233050847457,11870,1.75
2022-06-01,경기도,529.4821546864466,8262,1.75
2022-07-01,경기도,511.8249205788917,6006,2.25
2022-08-01,경기도,506.27546094614644,5830,2.5
2022-09-01,경기도,500.0358849282125,5410,2.5
2022-10-01,경기도,500.11031886827277,5608,3.0
2022-11-01,경기도,542.8226779252111,6174,3.25
2022-12-01,경기도,544.4431293644219,6418,3.25
2023-01-01,경기도,558.3798688670333,9744,3.5
2023-02-01,경기도,587.8499806849292,17518,3.5
2023-03-01,경기도,564.8709715780711,18726,3.5
2023-04-01,경기도,570.531342971351,16626,3.5
2015-01-01,경상남도,240.05281161855606,4217,2.0
2015-02-01,경상남도,243.47231822534366,3680,2.0
2015-03-01,경상남도,241.8379685610641,5653,1.75
2015-04-01,경상남도,241.7069511585264,4831,1.75
2015-05-01,경상남도,243.5585216997134,3874,1.75
2015-06-01,경상남도,241.9581731220107,3767,1.5
2015-07-01,경상남도,244.22614467206512,3680,1.5
2015-08-01,경상남도,239.35500125976318,3221,1.5
2015-09-01,경상남도,243.98789284468313,3491,1.5
2015-10-01,경상남도,248.34213180990815,4666,1.5
2015-11-01,경상남도,243.05555555555557,3477,1.5
2015-12-01,경상남도,235.2352446634921,2742,1.5
2016-01-01,경상남도,235.13385738439226,2617,1.5
2016-02-01,경상남도,236.30907726931733,2534,1.5
2016-03-01,경상남도,232.43191784768044,3685,1.5
2016-04-01,경상남도,235.4048964218456,3177,1.5
2016-05-01,경상남도,233.29641273179743,2798,1.5
2016-06-01,경상남도,235.23837208325423,2929,1.25
2016-07-01,경상남도,238.83448770002389,3043,1.25
2016-08-01,경상남도,247.63626268290113,3288,1.25
2016-09-01,경상남도,252.04111294634382,3355,1.25
2016-10-01,경상남도,256.47752821546936,4103,1.25
2016-11-01,경상남도,250.07628140344434,3500,1.25
2016-12-01,경상남도,247.85761371127228,2581,1.25
2017-01-01,경상남도,244.98559039300144,2109,1.25
2017-02-01,경상남도,240.08473911442104,2732,1.25
2017-03-01,경상남도,235.46032493524842,3273,1.25
2017-04-01,경상남도,225.37563594480432,2583,1.25
2017-05-01,경상남도,234.5883563589337,2646,1.25
2017-06-01,경상남도,235.98541613413946,2706,1.25
2017-07-01,경상남도,241.20484762913284,2497,1.25
2017-08-01,경상남도,241.23341851612287,2451,1.25
2017-09-01,경상남도,240.76080414108583,2314,1.25
2017-10-01,경상남도,243.59767980374625,1997,1.25
2017-11-01,경상남도,237.21593391913186,2183,1.5
2017-12-01,경상남도,237.61891189335438,1912,1.5
2018-01-01,경상남도,236.43528341921794,2327,1.5
2018-02-01,경상남도,235.39298269979275,1927,1.5
2018-03-01,경상남도,231.34076325565687,2677,1.5
2018-04-01,경상남도,227.09739472532902,2029,1.5
2018-05-01,경상남도,233.55501657398418,2020,1.5
2018-06-01,경상남도,221.31408489021425,1762,1.5
2018-07-01,경상남도,220.50926065006945,1418,1.5
2018-08-01,경상남도,226.65927541562837,1733,1.5
2018-09-01,경상남도,232.9548796988058,1935,1.5
2018-10-01,경상남도,233.70104745197108,2622,1.5
2018-11-01,경상남도,215.70610043815302,2149,1.75
2018-12-01,경상남도,223.6346516007533,1819,1.75
2019-01-01,경상남도,224.94887525562373,4073,1.75
2019-02-01,경상남도,224.34655804119367,4209,1.75
2019-03-01,경상남도,223.56755035776087,5310,1.75
2019-04-01,경상남도,216.79312932543982,4295,1.75
2019-05-01,경상남도,224.2538967240708,4486,1.75
2019-06-01,경상남도,222.17733791153304,4265,1.75
2019-07-01,경상남도,233.61016137456218,4522,1.5
2019-08-01,경상남도,235.79435639737147,4897,1.5
2019-09-01,경상남도,224.3999487326496,4812,1.5
2019-10-01,경상남도,252.08207026388845,7971,1.25
2019-11-01,경상남도,266.006681020465,9613,1.25
2019-12-01,경상남도,241.71058238982647,7518,1.25
2020-01-01,경상남도,248.6648865153538,6246,1.25
2020-02-01,경상남도,241.99380681726205,7408,1.25
2020-03-01,경상남도,232.13533073321636,5236,0.75
2020-04-01,경상남도,224.8341984814682,5240,0.75
2020-05-01,경상남도,250.0500100020004,6738,0.5
2020-06-01,경상남도,308.5143284059982,11385,0.5
2020-07-01,경상남도,275.03117019928925,8655,0.5
2020-08-01,경상남도,244.99764175662926,6022,0.5
2020-09-01,경상남도,264.24106317892,6936,0.5
2020-10-01,경상남도,277.9453097339288,6130,0.5
2020-11-01,경상남도,294.79781250320667,9370,0.5
2020-12-01,경상남도,248.4484941572054,6423,0.5
2021-01-01,경상남도,238.93065998329155,4193,0.5
2021-02-01,경상남도,228.03782745137724,2227,0.5
2021-03-01,경상남도,235.77917617144806,3798,0.5
2021-04-01,경상남도,216.78212134925332,254,0.5
2022-03-01,경상남도,266.9068828612418,4815,1.25
2022-04-01,경상남도,266.8721627455958,5390,1.5
2022-05-01,경상남도,262.6255683632362,4264,1.75
2022-06-01,경상남도,253.06324226980072,3368,1.75
2022-07-01,경상남도,251.10364187624856,2632,2.25
2022-08-01,경상남도,256.8634381995994,2347,2.5
2022-09-01,경상남도,254.0230233733444,2274,2.5
2022-10-01,경상남도,264.026402640264,2448,3.0
2022-11-01,경상남도,261.04920608068005,2046,3.25
2022-12-01,경상남도,270.68377449174926,1818,3.25
2023-01-01,경상남도,310.3724469363236,2050,3.5
2023-02-01,경상남도,303.7180428542821,3385,3.5
2023-03-01,경상남도,287.2411489645958,3603,3.5
2023-04-01,경상남도,276.6772824404114,4823,3.5
2023-05-01,경상남도,248.43414140551164,1796,3.5
2023-06-01,경상남도,258.8393646129904,1454,3.5
2023-07-01,경상남도,242.5456163773921,131,3.5
2015-01-01,경상북도,190.05467326217132,2621,2.0
2015-02-01,경상북도,194.0600742490719,2183,2.0
2015-03-01,경상북도,193.46230820547032,3359,1.75
2015-04-01,경상북도,191.8720513385473,2826,1.75
2015-05-01,경상북도,187.7939618081175,2220,1.75
2015-06-01,경상북도,191.4486279514997,2253,1.5
2015-07-01,경상북도,189.0896921017403,2087,1.5
2015-08-01,경상북도,188.25301204819277,1925,1.5
2015-09-01,경상북도,188.48836588876418,2050,1.5
2015-10-01,경상북도,188.43925189617,2251,1.5
2015-11-01,경상북도,182.5751892278377,1654,1.5
2015-12-01,경상북도,182.43453336304154,1438,1.5
2016-01-01,경상북도,173.92253589244012,1424,1.5
2016-02-01,경상북도,174.38989199572333,1470,1.5
2016-03-01,경상북도,170.82590612002377,1973,1.5
2016-04-01,경상북도,171.46017699115046,1663,1.5
2016-05-01,경상북도,167.52407334124786,1531,1.5
2016-06-01,경상북도,177.11654268508678,1781,1.25
2016-07-01,경상북도,187.9146435232047,1838,1.25
2016-08-01,경상북도,175.33537302894797,1771,1.25
2016-09-01,경상북도,178.98798640552934,1576,1.25
2016-10-01,경상북도,187.80562708180764,1951,1.25
2016-11-01,경상북도,182.4695121619967,1734,1.25
2016-12-01,경상북도,184.0558245021537,1599,1.25
2017-01-01,경상북도,189.09722810387865,1284,1.25
2017-02-01,경상북도,180.43448040998547,1760,1.25
2017-03-01,경상북도,176.86593562079943,1849,1.25
2017-04-01,경상북도,175.1021441341084,1530,1.25
2017-05-01,경상북도,176.06960027585478,1668,1.25
2017-06-01,경상북도,176.51212049894093,1885,1.25
2017-07-01,경상북도,189.4258292641859,1805,1.25
2017-08-01,경상북도,188.7660395970762,1890,1.25
2017-09-01,경상북도,188.1863540131978,1881,1.25
2017-10-01,경상북도,182.1770153332321,1618,1.25
2017-11-01,경상북도,182.70429054655511,1674,1.5
2017-12-01,경상북도,185.9331017407104,1521,1.5
2018-01-01,경상북도,179.0611540962595,1719,1.5
2018-02-01,경상북도,183.36053187386662,1512,1.5
2018-03-01,경상북도,181.8439284397055,2044,1.5
2018-04-01,경상북도,166.80845385244126,1531,1.5
2018-05-01,경상북도,171.3911882977693,1518,1.5
2018-06-01,경상북도,178.91930386885352,1544,1.5
2018-07-01,경상북도,166.6944490748458,1333,1.5
2018-08-01,경상북도,175.11674449633088,1483,1.5
2018-09-01,경상북도,178.295495067158,1431,1.5
2018-10-01,경상북도,165.08290257013442,1738,1.5
2018-11-01,경상북도,166.94797400286149,1375,1.75
2018-12-01,경상북도,182.55084788907408,1272,1.75
2019-01-01,경상북도,157.4994514064052,2841,1.75
2019-02-01,경상북도,149.6455717058119,2784,1.75
2019-03-01,경상북도,168.36251616946936,3487,1.75
2019-04-01,경상북도,158.2801795416962,3385,1.75
2019-05-01,경상북도,171.78308621342967,3350,1.75
2019-06-01,경상북도,172.47369160225594,3464,1.75
2019-07-01,경상북도,188.29023056138732,3649,1.5
2019-08-01,경상북도,174.98260843586888,3402,1.5
2019-09-01,경상북도,187.72377528095325,3716,1.5
2019-10-01,경상북도,191.95459856451345,4997,1.25
2019-11-01,경상북도,200.04334272425692,4936,1.25
2019-12-01,경상북도,196.05419594825247,4791,1.25
2020-01-01,경상북도,196.00156801254408,4359,1.25
2020-02-01,경상북도,197.8798586572438,5383,1.25
2020-03-01,경상북도,188.6154096431986,3763,0.75
2020-04-01,경상북도,182.55547036300274,4158,0.75
2020-05-01,경상북도,212.01956011914433,6724,0.5
2020-06-01,경상북도,220.33049574361544,7611,0.5
2020-07-01,경상북도,196.11688566385567,5883,0.5
2020-08-01,경상북도,183.70256279352498,4632,0.5
2020-09-01,경상북도,194.1404871161313,5119,0.5
2020-10-01,경상북도,197.86605219656363,4129,0.5
2020-11-01,경상북도,254.49895835722094,5262,0.5
2020-12-01,경상북도,225.14822257986506,5297,0.5
2021-01-01,경상북도,194.13135044826694,3347,0.5
2021-02-01,경상북도,183.26589462764719,2114,0.5
2021-03-01,경상북도,184.2368591441521,3235,0.5
2021-04-01,경상북도,165.23818199889132,302,0.5
2022-03-01,경상북도,194.35844513243893,4742,1.25
2022-04-01,경상북도,197.69357495881383,5182,1.5
2022-05-01,경상북도,200.2296795558664,4596,1.75
2022-06-01,경상북도,197.49470739545393,3640,1.75
2022-07-01,경상북도,194.13488739755468,2964,2.25
2022-08-01,경상북도,192.43766556978358,3052,2.5
2022-09-01,경상북도,194.14619948225325,2720,2.5
2022-10-01,경상북도,191.86509356549897,2940,3.0
2022-11-01,경상북도,190.71000486789472,2504,3.25
2022-12-01,경상북도,196.57124531949813,2276,3.25
2023-01-01,경상북도,211.44284081273992,2536,3.5
2023-02-01,경상북도,225.00011842111496,3786,3.5
2023-03-01,경상북도,211.995737803912,3916,3.5
2023-04-01,경상북도,213.68917423061322,3692,3.5
2015-01-01,광주광역시,210.31547320981474,2493,2.0
2015-02-01,광주광역시,212.11878652045147,2180,2.0
2015-03-01,광주광역시,211.3341204250295,2937,1.75
2015-04-01,광주광역시,212.99751243781097,2221,1.75
2015-05-01,광주광역시,215.3954802259887,1731,1.75
2015-06-01,광주광역시,218.303946263644,1739,1.5
2015-07-01,광주광역시,219.18925950613652,1694,1.5
2015-08-01,광주광역시,227.6288629684836,1664,1.5
2015-09-01,광주광역시,235.2091800398506,1630,1.5
2015-10-01,광주광역시,229.29661384285572,2068,1.5
2015-11-01,광주광역시,230.21102837616598,1758,1.5
2015-12-01,광주광역시,235.11686042998915,1486,1.5
2016-01-01,광주광역시,231.62679943716853,1225,1.5
2016-02-01,광주광역시,236.3625606437108,1366,1.5
2016-03-01,광주광역시,230.8100421845557,1712,1.5
2016-04-01,광주광역시,227.80965237934527,1585,1.5
2016-05-01,광주광역시,227.10996454542374,1492,1.5
2016-06-01,광주광역시,225.7412398921833,1771,1.25
2016-07-01,광주광역시,230.69207622868606,1967,1.25
2016-08-01,광주광역시,234.84586356448608,2002,1.25
2016-09-01,광주광역시,237.46178709591152,2005,1.25
2016-10-01,광주광역시,244.1365938345485,2455,1.25
2016-11-01,광주광역시,238.6682711592459,1975,1.25
2016-12-01,광주광역시,245.2861671950609,1757,1.25
2017-01-01,광주광역시,246.08692683983298,1476,1.25
2017-02-01,광주광역시,224.60262612301312,1519,1.25
2017-03-01,광주광역시,244.93128300598931,1960,1.25
2017-04-01,광주광역시,243.75927797793292,1676,1.25
2017-05-01,광주광역시,248.19539696943067,1932,1.25
2017-06-01,광주광역시,248.51487000793009,2072,1.25
2017-07-01,광주광역시,249.78114694318538,1885,1.25
2017-08-01,광주광역시,251.47579693034237,1823,1.25
2017-09-01,광주광역시,255.35750050070098,2141,1.25
2017-10-01,광주광역시,256.9014196921174,1733,1.25
2017-11-01,광주광역시,257.859413634758,2087,1.5
2017-12-01,광주광역시,267.2010688042752,1812,1.5
2018-01-01,광주광역시,258.84454149807453,2087,1.5
2018-02-01,광주광역시,258.5919252585919,1857,1.5
2018-03-01,광주광역시,256.14354283250583,2736,1.5
2018-04-01,광주광역시,254.86725663716814,1933,1.5
2018-05-01,광주광역시,256.47058823529414,2043,1.5
2018-06-01,광주광역시,259.1088144900665,1992,1.5
2018-07-01,광주광역시,252.75930505196618,1906,1.5
2018-08-01,광주광역시,266.5026550417306,2460,1.5
2018-09-01,광주광역시,276.0838761964039,2584,1.5
2018-10-01,광주광역시,252.677848480712,2500,1.5
2018-11-01,광주광역시,250.30597339018516,1697,1.75
2018-12-01,광주광역시,247.59376742064723,1428,1.75
2019-01-01,광주광역시,251.00401606425703,1571,1.75
2019-02-01,광주광역시,243.97890702164221,1417,1.75
2019-03-01,광주광역시,242.8635480496189,1497,1.75
2019-04-01,광주광역시,245.91329439106678,1336,1.75
2019-05-01,광주광역시,247.58635964277545,1364,1.75
2019-06-01,광주광역시,266.3179170134348,1567,1.75
2019-07-01,광주광역시,257.57185058408015,1570,1.5
2019-08-01,광주광역시,263.9172894634907,1652,1.5
2019-09-01,광주광역시,277.0223997912096,1732,1.5
2019-10-01,광주광역시,267.1510230014861,2040,1.25
2019-11-01,광주광역시,271.91775315542816,1935,1.25
2019-12-01,광주광역시,282.37586345244495,2126,1.25
2020-01-01,광주광역시,280.87434363068144,1884,1.25
2020-02-01,광주광역시,271.37993190466653,2259,1.25
2020-03-01,광주광역시,266.6666666666667,1743,0.75
2020-04-01,광주광역시,258.84454149807453,1495,0.75
2020-05-01,광주광역시,268.63856801504375,1779,0.5
2020-06-01,광주광역시,289.1767675861727,2388,0.5
2020-07-01,광주광역시,279.8578019816958,2281,0.5
2020-08-01,광주광역시,283.67616836723255,1978,0.5
2020-09-01,광주광역시,306.3457165165141,2204,0.5
2020-10-01,광주광역시,294.00611066149855,1450,0.5
2021-03-01,광주광역시,264.7412755716005,1885,0.5
2021-04-01,광주광역시,247.0372225004173,81,0.5
2022-03-01,광주광역시,302.53863097144404,2852,1.25
2022-04-01,광주광역시,310.4164962095689,3492,1.5
2022-05-01,광주광역시,284.33484623762934,3504,1.75
2022-06-01,광주광역시,300.2295966955154,2164,1.75
2022-07-01,광주광역시,286.7783985102421,1646,2.25
2022-08-01,광주광역시,292.39821082255014,1376,2.5
2022-09-01,광주광역시,300.0448302275752,1346,2.5
2022-10-01,광주광역시,283.7116154873164,1302,3.0
2022-11-01,광주광역시,288.23698532292667,1136,3.25
2022-12-01,광주광역시,312.52604383698645,982,3.25
2023-01-01,광주광역시,333.50008337502084,1298,3.5
2023-02-01,광주광역시,344.54081026494,2098,3.5
2023-03-01,광주광역시,330.4799816427723,2338,3.5
2023-04-01,광주광역시,329.43850736118577,2186,3.5
2015-01-01,대구광역시,297.97731085159467,3088,2.0
2015-02-01,대구광역시,299.167574612457,2754,2.0
2015-03-01,대구광역시,306.13611833066625,4378,1.75
2015-04-01,대구광역시,303.05581492650026,3812,1.75
2015-05-01,대구광역시,305.91834333451,2981,1.75
2015-06-01,대구광역시,311.1802622805068,3189,1.5
2015-07-01,대구광역시,310.65835999326487,3259,1.5
2015-08-01,대구광역시,312.5794275376161,2041,1.5
2015-09-01,대구광역시,322.2388102000839,2114,1.5
2015-10-01,대구광역시,316.2269606071557,2279,1.5
2015-11-01,대구광역시,309.6417964424285,1313,1.5
2015-12-01,대구광역시,297.32342768119116,900,1.5
2016-01-01,대구광역시,300.7518796992481,787,1.5
2016-02-01,대구광역시,302.1764477263894,933,1.5
2016-03-01,대구광역시,298.95544177534384,1318,1.5
2016-04-01,대구광역시,295.45544162100293,1396,1.5
2016-05-01,대구광역시,288.77889393590726,1286,1.5
2016-06-01,대구광역시,298.9576329868452,1526,1.25
2016-07-01,대구광역시,302.185030218503,1537,1.25
2016-08-01,대구광역시,309.85489721886336,1821,1.25
2016-09-01,대구광역시,321.8018234325083,2077,1.25
2016-10-01,대구광역시,317.7026841104182,2780,1.25
2016-11-01,대구광역시,312.1319199057715,1953,1.25
2016-12-01,대구광역시,304.7962466165242,1588,1.25
2017-01-01,대구광역시,297.7185358515795,1296,1.25
2017-02-01,대구광역시,300.4763925614267,1940,1.25
2017-03-01,대구광역시,303.0816284290663,2156,1.25
2017-04-01,대구광역시,301.8611662575205,2010,1.25
2017-05-01,대구광역시,312.81351973057656,2492,1.25
2017-06-01,대구광역시,333.0273414218424,3573,1.25
2017-07-01,대구광역시,349.97241960165604,4340,1.25
2017-08-01,대구광역시,332.3868381493235,3917,1.25
2017-09-01,대구광역시,326.48939750925615,2937,1.25
2017-10-01,대구광역시,317.83969149508164,2446,1.25
2017-11-01,대구광역시,325.0,2535,1.5
2017-12-01,대구광역시,330.1108229191229,2389,1.5
2018-01-01,대구광역시,337.1381501529772,2843,1.5
2018-02-01,대구광역시,345.0575095849308,2843,1.5
2018-03-01,대구광역시,333.13713949381986,3827,1.5
2018-04-01,대구광역시,324.87504805843906,2499,1.5
2018-05-01,대구광역시,327.6998100746656,2602,1.5
2018-06-01,대구광역시,324.006797662615,2545,1.5
2018-07-01,대구광역시,321.5025275344044,1972,1.5
2018-08-01,대구광역시,335.45000394364115,2710,1.5
2018-09-01,대구광역시,350.06617748663876,3050,1.5
2018-10-01,대구광역시,337.89082955068534,2984,1.5
2018-11-01,대구광역시,322.32797661631946,2196,1.75
2018-12-01,대구광역시,321.0412460934867,1630,1.75
2019-01-01,대구광역시,307.1786310517529,1695,1.75
2019-02-01,대구광역시,300.45067601402104,1674,1.75
2019-03-01,대구광역시,308.79652812552166,2016,1.75
2019-04-01,대구광역시,305.2419666134176,2129,1.75
2019-05-01,대구광역시,310.3918872878752,2200,1.75
2019-06-01,대구광역시,329.8847177061779,2301,1.75
2019-07-01,대구광역시,326.6250626767012,2581,1.5
2019-08-01,대구광역시,328.3125441280301,2481,1.5
2019-09-01,대구광역시,335.05584264044006,2419,1.5
2019-10-01,대구광역시,335.45197740112997,3401,1.25
2019-11-01,대구광역시,352.0121777185805,3643,1.25
2019-12-01,대구광역시,349.09093769759284,3497,1.25
2020-01-01,대구광역시,345.76054353557447,2969,1.25
2020-02-01,대구광역시,341.45767102319553,3121,1.25
2020-03-01,대구광역시,315.3683219581078,1629,0.75
2020-04-01,대구광역시,325.84692431156554,2264,0.75
2020-05-01,대구광역시,328.298451954666,3004,0.5
2020-06-01,대구광역시,361.13826167070886,4162,0.5
2020-07-01,대구광역시,370.65244986037067,4553,0.5
2020-08-01,대구광역시,371.7251018526779,3537,0.5
2020-09-01,대구광역시,383.5260797734246,4117,0.5
2020-10-01,대구광역시,385.00302358395487,2275,0.5
2021-03-01,대구광역시,350.03844552430405,1420,0.5
2021-04-01,대구광역시,363.6949413189007,49,0.5
2022-03-01,대구광역시,350.418750406736,1870,1.25
2022-04-01,대구광역시,363.2353895050918,2034,1.5
2022-05-01,대구광역시,364.89992325330644,2006,1.75
2022-06-01,대구광역시,361.3253005029918,1464,1.75
2022-07-01,대구광역시,363.9228895908435,1744,2.25
2022-08-01,대구광역시,364.4675389589766,1782,2.5
2022-09-01,대구광역시,356.03345280764637,1598,2.5
2022-10-01,대구광역시,350.50238675434787,1518,3.0
2022-11-01,대구광역시,366.64695446481375,1494,3.25
2022-12-01,대구광역시,400.0809575584707,1768,3.25
2023-01-01,대구광역시,372.07266360253885,1838,3.5
2023-02-01,대구광역시,376.5641140273222,3272,3.5
2023-03-01,대구광역시,371.84112114229595,3730,3.5
2023-04-01,대구광역시,367.76520155675365,3214,3.5
2015-01-01,대전광역시,256.83645926573547,1860,2.0
2015-02-01,대전광역시,253.03048134635753,1485,2.0
2015-03-01,대전광역시,240.96356142923725,2247,1.75
2015-04-01,대전광역시,242.0195625899902,1906,1.75
2015-05-01,대전광역시,245.911283680433,1667,1.75
2015-06-01,대전광역시,244.50852546663697,1588,1.5
2015-07-01,대전광역시,246.72708962739176,1740,1.5
2015-08-01,대전광역시,247.07859126168233,1520,1.5
2015-09-01,대전광역시,245.92208903092444,1625,1.5
2015-10-01,대전광역시,253.32862024272416,2013,1.5
2015-11-01,대전광역시,258.3414508161252,1724,1.5
2015-12-01,대전광역시,263.0647671384649,1592,1.5
2016-01-01,대전광역시,255.56880727148817,2103,1.5
2016-02-01,대전광역시,259.0212997924297,1872,1.5
2016-03-01,대전광역시,251.32880430620094,2460,1.5
2016-04-01,대전광역시,255.51102204408818,2915,1.5
2016-05-01,대전광역시,255.9726962457338,2721,1.5
2016-06-01,대전광역시,259.6805130896181,3138,1.25
2016-07-01,대전광역시,257.69745649263723,3294,1.25
2016-08-01,대전광역시,267.33999947972984,3510,1.25
2016-09-01,대전광역시,272.7576974564926,3843,1.25
2016-10-01,대전광역시,271.48784825133373,5307,1.25
2016-11-01,대전광역시,273.4117025492009,3683,1.25
2016-12-01,대전광역시,270.44482118349885,2892,1.25
2017-01-01,대전광역시,270.8888280554392,1406,1.25
2017-02-01,대전광역시,259.7982808155009,1826,1.25
2017-03-01,대전광역시,251.82906040290572,2012,1.25
2017-04-01,대전광역시,254.72906249236684,1533,1.25
2017-05-01,대전광역시,257.2982032764745,1570,1.25
2017-06-01,대전광역시,262.83720835561354,1734,1.25
2017-07-01,대전광역시,267.0902459112837,1621,1.25
2017-08-01,대전광역시,268.9580840691776,1783,1.25
2017-09-01,대전광역시,282.176190813544,1965,1.25
2017-10-01,대전광역시,273.0030333670374,1501,1.25
2017-11-01,대전광역시,274.29255838540706,1670,1.5
2017-12-01,대전광역시,288.06584362139915,1565,1.5
2018-01-01,대전광역시,282.6855123674911,1657,1.5
2018-02-01,대전광역시,275.571188631417,1476,1.5
2018-03-01,대전광역시,276.60363366703746,1963,1.5
2018-04-01,대전광역시,270.74431142658705,1259,1.5
2018-05-01,대전광역시,263.42624065261725,1311,1.5
2018-06-01,대전광역시,275.42098853572577,1260,1.5
2018-07-01,대전광역시,276.61377654315174,1147,1.5
2018-08-01,대전광역시,307.9327862446268,1613,1.5
2018-09-01,대전광역시,307.5179297091776,2089,1.5
2018-10-01,대전광역시,305.6988176358634,2591,1.5
2018-11-01,대전광역시,296.2186372701979,1757,1.75
2018-12-01,대전광역시,285.9747495507455,1370,1.75
2019-01-01,대전광역시,282.01391110637144,1365,1.75
2019-02-01,대전광역시,270.87504416440936,1289,1.75
2019-03-01,대전광역시,268.3574166912415,1559,1.75
2019-04-01,대전광역시,287.81793842034807,1697,1.75
2019-05-01,대전광역시,293.8544354193122,2016,1.75
2019-06-01,대전광역시,294.1766308209454,2005,1.75
2019-07-01,대전광역시,300.35335689045934,2363,1.5
2019-08-01,대전광역시,308.73211284911656,2432,1.5
2019-09-01,대전광역시,306.0515818443538,2530,1.5
2019-10-01,대전광역시,309.63743496517077,3140,1.25
2019-11-01,대전광역시,327.15008431703205,3619,1.25
2019-12-01,대전광역시,324.7903625841502,3245,1.25
2020-01-01,대전광역시,305.9455219472917,2262,1.25
2020-02-01,대전광역시,308.3495704871042,2968,1.25
2020-03-01,대전광역시,301.4612001702369,2197,0.75
2020-04-01,대전광역시,284.0668773469092,1708,0.75
2020-05-01,대전광역시,317.8115730495786,2609,0.5
2020-06-01,대전광역시,364.12721955121526,3973,0.5
2020-07-01,대전광역시,341.82130431352067,1666,0.5
2020-08-01,대전광역시,374.1375259938572,1661,0.5
2020-09-01,대전광역시,352.71722155403495,1388,0.5
2020-10-01,대전광역시,363.445972063549,1214,0.5
2021-03-01,대전광역시,342.6182889642649,1357,0.5
2021-04-01,대전광역시,261.90476190476187,53,0.5
2022-03-01,대전광역시,350.6294858218614,1390,1.25
2022-04-01,대전광역시,353.3412182140745,1490,1.5
2022-05-01,대전광역시,353.1914787767696,1356,1.75
2022-06-01,대전광역시,367.8813146328653,1044,1.75
2022-07-01,대전광역시,364.67236467236467,994,2.25
2022-08-01,대전광역시,341.39737477191125,1026,2.5
2022-09-01,대전광역시,369.68576709796673,926,2.5
2022-10-01,대전광역시,360.945416618611,1064,3.0
2022-11-01,대전광역시,384.3467999068906,882,3.25
2022-12-01,대전광역시,383.3162801442794,1060,3.25
2023-01-01,대전광역시,412.03131437989293,1250,3.5
2023-02-01,대전광역시,416.6885294940065,2048,3.5
2023-03-01,대전광역시,389.987945827129,2142,3.5
2023-04-01,대전광역시,395.0997435675213,2110,3.5
2015-01-01,부산광역시,284.1858910063524,4783,2.0
2015-02-01,부산광역시,283.74059248794356,4000,2.0
2015-03-01,부산광역시,282.89876939035315,7011,1.75
2015-04-01,부산광역시,283.8383696645503,6238,1.75
2015-05-01,부산광역시,285.2090582396897,5377,1.75
2015-06-01,부산광역시,289.81252071023664,5620,1.5
2015-07-01,부산광역시,299.9944935432329,5486,1.5
2015-08-01,부산광역시,288.25428498818746,4395,1.5
2015-09-01,부산광역시,292.0395666509656,4867,1.5
2015-10-01,부산광역시,294.14584579998836,6296,1.5
2015-11-01,부산광역시,300.2023594095712,4566,1.5
2015-12-01,부산광역시,290.45140989955223,3335,1.5
2016-01-01,부산광역시,294.811320754717,2777,1.5
2016-02-01,부산광역시,298.1218324555302,3189,1.5
2016-03-01,부산광역시,298.22723765464383,4562,1.5
2016-04-01,부산광역시,307.3838957567658,4613,1.5
2016-05-01,부산광역시,312.4850185598641,4192,1.5
2016-06-01,부산광역시,321.8580523461448,5091,1.25
2016-07-01,부산광역시,327.1993039850244,5282,1.25
2016-08-01,부산광역시,341.961027528965,5572,1.25
2016-09-01,부산광역시,337.07865168539325,5935,1.25
2016-10-01,부산광역시,340.50766213941546,7000,1.25
2016-11-01,부산광역시,329.7119965709952,4675,1.25
2016-12-01,부산광역시,333.74594598556575,3302,1.25
2017-01-01,부산광역시,333.09177838648304,2494,1.25
2017-02-01,부산광역시,335.0864845228931,3530,1.25
2017-03-01,부산광역시,335.6931069972393,4080,1.25
2017-04-01,부산광역시,346.0177190029598,3734,1.25
2017-05-01,부산광역시,346.001134429949,3735,1.25
2017-06-01,부산광역시,343.07346504199694,4145,1.25
2017-07-01,부산광역시,343.94747458153506,3342,1.25
2017-08-01,부산광역시,340.964425932266,2710,1.25
2017-09-01,부산광역시,343.87088743199547,2596,1.25
2017-10-01,부산광역시,334.1086955489834,2412,1.25
2017-11-01,부산광역시,342.17993657152397,2699,1.5
2017-12-01,부산광역시,353.06578792515006,2109,1.5
2018-01-01,부산광역시,350.6906395433672,2704,1.5
2018-02-01,부산광역시,353.93251936431454,2346,1.5
2018-03-01,부산광역시,341.5783274440518,3123,1.5
2018-04-01,부산광역시,329.4505235910107,2019,1.5
2018-05-01,부산광역시,337.369092113678,2182,1.5
2018-06-01,부산광역시,339.67190995863785,1857,1.5
2018-07-01,부산광역시,327.83882783882785,1601,1.5
2018-08-01,부산광역시,340.13834554848427,1854,1.5
2018-09-01,부산광역시,360.8432522809867,2034,1.5
2018-10-01,부산광역시,342.6233533417839,2326,1.5
2018-11-01,부산광역시,340.33560898839403,1818,1.75
2018-12-01,부산광역시,333.83185557098597,1607,1.75
2019-01-01,부산광역시,334.7362055150878,1749,1.75
2019-02-01,부산광역시,336.76708503513504,1724,1.75
2019-03-01,부산광역시,332.80890717657024,2043,1.75
2019-04-01,부산광역시,333.53492117499957,2034,1.75
2019-05-01,부산광역시,335.68660022148396,2001,1.75
2019-06-01,부산광역시,341.09458836717215,2014,1.75
2019-07-01,부산광역시,350.0,2305,1.5
2019-08-01,부산광역시,365.4211059184809,2467,1.5
2019-09-01,부산광역시,363.7005649717514,2499,1.5
2019-10-01,부산광역시,383.63847133422576,4030,1.25
2019-11-01,부산광역시,429.6249652885979,7996,1.25
2019-12-01,부산광역시,388.9399618131674,4775,1.25
2020-01-01,부산광역시,371.25671624854,3208,1.25
2020-02-01,부산광역시,367.51988931165687,4071,1.25
2020-03-01,부산광역시,357.06972771833625,2880,0.75
2020-04-01,부산광역시,347.09968523715753,3152,0.75
2020-05-01,부산광역시,367.32236049779203,3943,0.5
2020-06-01,부산광역시,426.7425320056899,8189,0.5
2020-07-01,부산광역시,406.1405469856174,6197,0.5
2020-08-01,부산광역시,391.9606371445251,4381,0.5
2020-09-01,부산광역시,410.1008195920896,5390,0.5
2020-10-01,부산광역시,401.237118815972,3950,0.5
2021-03-01,부산광역시,331.72195365894316,3087,0.5
2021-04-01,부산광역시,303.4694703027418,138,0.5
2022-03-01,부산광역시,350.2597620244679,3858,1.25
2022-04-01,부산광역시,364.9156077821068,4608,1.5
2022-05-01,부산광역시,348.3333333333333,4366,1.75
2022-06-01,부산광역시,353.8537027251453,3226,1.75
2022-07-01,부산광역시,343.90001666871206,2500,2.25
2022-08-01,부산광역시,349.23796341034785,2264,2.5
2022-09-01,부산광역시,365.0924508302909,2234,2.5
2022-10-01,부산광역시,388.37236671766505,2554,3.0
2022-11-01,부산광역시,399.77658531308447,2212,3.25
2022-12-01,부산광역시,406.9976176133148,2052,3.25
2023-01-01,부산광역시,479.5149348665078,2732,3.5
2023-02-01,부산광역시,493.618321054406,4336,3.5
2023-03-01,부산광역시,469.51555201219634,4882,3.5
2023-04-01,부산광역시,465.15643786823443,4012,3.5
2015-01-01,서울특별시,513.03857301482,9600,2.0
2015-02-01,서울특별시,515.3738644304682,9827,2.0
2015-03-01,서울특별시,516.8351788029479,15500,1.75
2015-04-01,서울특별시,524.6699121096532,11796,1.75
2015-05-01,서울특별시,523.7608174417029,10164,1.75
2015-06-01,서울특별시,518.6480186480187,10716,1.5
2015-07-01,서울특별시,523.960908983869,11045,1.5
2015-08-01,서울특별시,526.403743315508,8712,1.5
2015-09-01,서울특별시,543.4301072093092,9717,1.5
2015-10-01,서울특별시,564.7016050597122,10586,1.5
2015-11-01,서울특별시,579.507102904173,7186,1.5
2015-12-01,서울특별시,556.6666666666666,4861,1.5
2016-01-01,서울특별시,542.0373553252384,4986,1.5
2016-02-01,서울특별시,546.9897209985317,5355,1.5
2016-03-01,서울특별시,550.7126870067145,8839,1.5
2016-04-01,서울특별시,590.0324613328241,10443,1.5
2016-05-01,서울특별시,599.5403521168382,10838,1.5
2016-06-01,서울특별시,595.2138295187622,13280,1.25
2016-07-01,서울특별시,586.6177818515124,11819,1.25
2016-08-01,서울특별시,598.3920366782763,11006,1.25
2016-09-01,서울특별시,603.4274680183441,11303,1.25
2016-10-01,서울특별시,606.1211576248044,12129,1.25
2016-11-01,서울특별시,588.662270062234,5762,1.25
2016-12-01,서울특별시,591.6919621828641,4212,1.25
2017-01-01,서울특별시,593.9662394090954,3716,1.25
2017-02-01,서울특별시,607.1221978387558,5726,1.25
2017-03-01,서울특별시,618.5644645027886,8586,1.25
2017-04-01,서울특별시,645.8844790912609,9356,1.25
2017-05-01,서울특별시,680.8297089327534,14767,1.25
2017-06-01,서울특별시,630.9834638816362,12836,1.25
2017-07-01,서울특별시,658.0964736407594,14933,1.25
2017-08-01,서울특별시,626.9215144580029,5110,1.25
2017-09-01,서울특별시,688.3750482282953,6854,1.25
2017-10-01,서울특별시,702.8490699317165,6311,1.25
2017-11-01,서울특별시,745.2302903096479,8125,1.5
2017-12-01,서울특별시,758.8392261507672,8531,1.5
2018-01-01,서울특별시,736.9471512049665,12548,1.5
2018-02-01,서울특별시,676.5327695560254,9139,1.5
2018-03-01,서울특별시,646.2984723854289,9337,1.5
2018-04-01,서울특별시,647.9888781545278,4485,1.5
2018-05-01,서울특별시,653.5344593298257,4698,1.5
2018-06-01,서울특별시,661.332078136032,5238,1.5
2018-07-01,서울특별시,727.9151943462897,7013,1.5
2018-08-01,서울특별시,746.0797980184007,14936,1.5
2018-09-01,서울특별시,741.2515083606276,7195,1.5
2018-10-01,서울특별시,721.038521236066,3259,1.5
2018-11-01,서울특별시,713.8168690515262,1763,1.75
2018-12-01,서울특별시,709.2573989065131,1566,1.75
2019-01-01,서울특별시,713.2018209408194,1701,1.75
2019-02-01,서울특별시,735.6232345465294,1454,1.75
2019-03-01,서울특별시,746.93784636006,2274,1.75
2019-04-01,서울특별시,828.511521404555,3015,1.75
2019-05-01,서울특별시,912.0866188066376,4397,1.75
2019-06-01,서울특별시,960.8189306216447,6810,1.75
2019-07-01,서울특별시,944.9562957713206,8807,1.5
2019-08-01,서울특별시,884.5327628021253,6600,1.5
2019-09-01,서울특별시,925.2120277563608,7021,1.5
2019-10-01,서울특별시,929.1822078262007,11528,1.25
2019-11-01,서울특별시,935.5142386443869,11483,1.25
2019-12-01,서울특별시,888.0826414182799,9479,1.25
2020-01-01,서울특별시,810.966641352896,6472,1.25
2020-02-01,서울특별시,823.86123163339,8272,1.25
2020-03-01,서울특별시,803.0231459612659,4349,0.75
2020-04-01,서울특별시,810.698857920587,3013,0.75
2020-05-01,서울특별시,912.6236457842675,5491,0.5
2020-06-01,서울특별시,985.3474733291657,15540,0.5
2020-07-01,서울특별시,1011.326860841424,10627,0.5
2020-08-01,서울특별시,1083.4976245492296,4985,0.5
2020-09-01,서울특별시,1084.343029560134,3727,0.5
2020-10-01,서울특별시,984.762979683973,1881,0.5
2021-03-01,서울특별시,1126.283693542292,6196,0.5
2021-04-01,서울특별시,1188.811188811189,3729,0.5
2021-05-01,서울특별시,1201.3214656386463,4934,0.5
2021-06-01,서울특별시,1200.5119895477926,3892,0.5
2021-07-01,서울특별시,1236.1783867424347,4720,0.5
2021-08-01,서울특별시,1287.3803036365675,4100,0.75
2021-09-01,서울특별시,1346.1158972727794,2744,0.75
2021-10-01,서울특별시,1302.5070204669514,2252,0.75
2021-11-01,서울특별시,1228.8211435653764,1390,1.0
2021-12-01,서울특별시,1241.9553794619994,1136,1.0
2022-01-01,서울특별시,1119.1612530659027,1088,1.25
2022-02-01,서울특별시,1170.6888434999037,798,1.25
2022-03-01,서울특별시,1238.327922621239,3328,1.25
2022-04-01,서울특별시,1278.6686961811943,3584,1.5
2022-05-01,서울특별시,1201.1658384715379,3468,1.75
2022-06-01,서울특별시,1235.5848434925865,2030,1.75
2022-07-01,서울특별시,1140.9991172009973,1344,2.25
2022-08-01,서울특별시,1107.7508960573477,1438,2.5
2022-09-01,서울특별시,1052.1042084168337,1202,2.5
2022-10-01,서울특별시,1057.5798769186579,1140,3.0
2022-11-01,서울특별시,1118.9044756179023,1262,3.25
2022-12-01,서울특별시,1150.8379888268157,1650,3.25
2023-01-01,서울특별시,1167.4718196457327,2898,3.5
2023-02-01,서울특별시,1213.8590203106332,4958,3.5
2023-03-01,서울특별시,1197.682513835298,5602,3.5
2023-04-01,서울특별시,1180.5169374774866,4804,3.5
2015-01-01,세종특별자치시,229.62031397928473,131,2.0
2015-02-01,세종특별자치시,317.15437182407567,113,2.0
2015-03-01,세종특별자치시,246.9577624015102,186,1.75
2015-04-01,세종특별자치시,315.30929202033394,170,1.75
2015-05-01,세종특별자치시,301.5120071153276,180,1.75
2015-06-01,세종특별자치시,232.50143186857431,167,1.5
2015-07-01,세종특별자치시,224.61510582691716,168,1.5
2015-08-01,세종특별자치시,218.40066960464756,147,1.5
2015-09-01,세종특별자치시,297.99472040819813,170,1.5
2015-10-01,세종특별자치시,282.0602662929222,218,1.5
2015-11-01,세종특별자치시,221.71575456474102,178,1.5
2015-12-01,세종특별자치시,315.38618010688486,170,1.5
2016-01-01,세종특별자치시,293.10385004430213,332,1.5
2016-02-01,세종특별자치시,330.85194375516954,322,1.5
2016-03-01,세종특별자치시,295.7221203172433,576,1.5
2016-04-01,세종특별자치시,305.9327418633657,494,1.5
2016-05-01,세종특별자치시,226.0876937642188,422,1.5
2016-06-01,세종특별자치시,337.1974397802034,600,1.25
2016-07-01,세종특별자치시,353.4405725007697,560,1.25
2016-08-01,세종특별자치시,352.0803355478676,708,1.25
2016-09-01,세종특별자치시,360.7828976623738,648,1.25
2016-10-01,세종특별자치시,374.4156695108694,980,1.25
2016-11-01,세종특별자치시,374.6296607832967,724,1.25
2016-12-01,세종특별자치시,360.3370430662685,552,1.25
2017-01-01,세종특별자치시,356.6751551800218,236,1.25
2017-02-01,세종특별자치시,339.49907654032864,326,1.25
2017-03-01,세종특별자치시,345.6465541389549,327,1.25
2017-04-01,세종특별자치시,365.26452221043945,337,1.25
2017-05-01,세종특별자치시,384.00196079513455,480,1.25
2017-06-01,세종특별자치시,394.70569408904794,774,1.25
2017-07-01,세종특별자치시,397.21813561588874,557,1.25
2017-08-01,세종특별자치시,373.8252206719038,246,1.25
2017-09-01,세종특별자치시,356.8321392582947,192,1.25
2017-10-01,세종특별자치시,370.382774342533,182,1.25
2017-11-01,세종특별자치시,365.88263245426464,195,1.5
2017-12-01,세종특별자치시,327.69865578803973,252,1.5
2018-01-01,세종특별자치시,375.35594097851407,271,1.5
2018-02-01,세종특별자치시,418.5580380828863,345,1.5
2018-03-01,세종특별자치시,422.9423311466036,478,1.5
2018-04-01,세종특별자치시,408.5874373479932,262,1.5
2018-05-01,세종특별자치시,419.62774957698815,329,1.5
2018-06-01,세종특별자치시,395.06123449134617,237,1.5
2018-07-01,세종특별자치시,407.42406722261603,175,1.5
2018-08-01,세종특별자치시,388.8904601634754,209,1.5
2018-09-01,세종특별자치시,399.78065840134803,268,1.5
2018-10-01,세종특별자치시,385.6057883548826,256,1.5
2018-11-01,세종특별자치시,418.1373113271661,246,1.75
2018-12-01,세종특별자치시,397.59056385061797,335,1.75
2019-01-01,세종특별자치시,385.86336928878364,570,1.75
2019-02-01,세종특별자치시,367.24323855119206,418,1.75
2019-03-01,세종특별자치시,372.9538989247752,400,1.75
2019-04-01,세종특별자치시,398.00385757585036,450,1.75
2019-05-01,세종특별자치시,388.3193538365952,492,1.75
2019-06-01,세종특별자치시,446.738889453795,470,1.75
2019-07-01,세종특별자치시,446.91215633665325,588,1.5
2019-08-01,세종특별자치시,440.1905766165667,672,1.5
2019-09-01,세종특별자치시,468.9536109428043,642,1.5
2019-10-01,세종특별자치시,474.15111654940347,990,1.25
2019-11-01,세종특별자치시,521.2599597885173,2014,1.25
2019-12-01,세종특별자치시,520.1223817368792,3976,1.25
2020-01-01,세종특별자치시,448.9626292853817,2142,1.25
2020-02-01,세종특별자치시,509.46516036537105,2072,1.25
2020-03-01,세종특별자치시,482.37110102968586,867,0.75
2020-04-01,세종특별자치시,435.3172467718117,677,0.75
2020-05-01,세종특별자치시,514.1405339716689,1183,0.5
2020-06-01,세종특별자치시,617.67031229411,2771,0.5
2020-07-01,세종특별자치시,688.762731674737,2459,0.5
2020-08-01,세종특별자치시,734.1845814471218,1333,0.5
2020-09-01,세종특별자치시,459.7958954805428,581,0.5
2020-10-01,세종특별자치시,448.581361444432,221,0.5
2021-03-01,세종특별자치시,498.0699046221677,298,0.5
2021-04-01,세종특별자치시,440.257110152329,5,0.5
2022-03-01,세종특별자치시,698.6804725817522,480,1.25
2022-04-01,세종특별자치시,720.48823673454,554,1.5
2022-05-01,세종특별자치시,685.4403783433388,476,1.75
2022-06-01,세종특별자치시,653.3130630514174,260,1.75
2022-07-01,세종특별자치시,674.760447499122,272,2.25
2022-08-01,세종특별자치시,642.2281751261113,296,2.5
2022-09-01,세종특별자치시,623.6064455020913,294,2.5
2022-10-01,세종특별자치시,633.9852815311746,350,3.0
2022-11-01,세종특별자치시,628.2073819225825,452,3.25
2022-12-01,세종특별자치시,624.4845057146223,474,3.25
2023-01-01,세종특별자치시,613.5486421518676,624,3.5
2023-02-01,세종특별자치시,667.779632721202,1162,3.5
2023-03-01,세종특별자치시,642.0872114955013,1042,3.5
2023-04-01,세종특별자치시,676.6433312975195,850,3.5
2015-01-01,울산광역시,273.0583844494488,1802,2.0
2015-02-01,울산광역시,276.1051224005665,1498,2.0
2015-03-01,울산광역시,274.8838615684873,2317,1.75
2015-04-01,울산광역시,272.7120629078133,2089,1.75
2015-05-01,울산광역시,276.09480131010946,2000,1.75
2015-06-01,울산광역시,278.5334286536622,1963,1.5
2015-07-01,울산광역시,280.95238095238096,1794,1.5
2015-08-01,울산광역시,273.015873015873,1382,1.5
2015-09-01,울산광역시,286.8605817452357,1617,1.5
2015-10-01,울산광역시,291.90678582101566,1840,1.5
2015-11-01,울산광역시,294.5406272470822,1527,1.5
2015-12-01,울산광역시,293.8940967823664,1189,1.5
2016-01-01,울산광역시,292.37971402237326,2040,1.5
2016-02-01,울산광역시,288.5496003976301,2248,1.5
2016-03-01,울산광역시,287.9225913033217,2978,1.5
2016-04-01,울산광역시,294.39042736176384,2700,1.5
2016-05-01,울산광역시,283.8070348668768,1890,1.5
2016-06-01,울산광역시,304.20014876711184,2224,1.25
2016-07-01,울산광역시,292.4956079215417,2228,1.25
2016-08-01,울산광역시,301.98819619154966,2152,1.25
2016-09-01,울산광역시,312.53722436280736,2126,1.25
2016-10-01,울산광역시,323.03114784954175,2508,1.25
2016-11-01,울산광역시,317.2918141071007,2366,1.25
2016-12-01,울산광역시,303.9521819656824,2092,1.25
2017-01-01,울산광역시,301.0908533449916,836,1.25
2017-02-01,울산광역시,303.03030303030306,955,1.25
2017-03-01,울산광역시,302.642423696714,1086,1.25
2017-04-01,울산광역시,292.8380187416332,919,1.25
2017-05-01,울산광역시,291.7639213071024,1033,1.25
2017-06-01,울산광역시,300.03529827038477,1183,1.25
2017-07-01,울산광역시,299.5182815948941,1018,1.25
2017-08-01,울산광역시,311.9867670518428,999,1.25
2017-09-01,울산광역시,301.9854951848769,1015,1.25
2017-10-01,울산광역시,308.7905237887234,826,1.25
2017-11-01,울산광역시,296.40003537239704,890,1.5
2017-12-01,울산광역시,305.3763440860215,703,1.5
2018-01-01,울산광역시,295.3427623373261,781,1.5
2018-02-01,울산광역시,291.7377767091949,654,1.5
2018-03-01,울산광역시,293.2136927261808,923,1.5
2018-04-01,울산광역시,292.53731343283584,639,1.5
2018-05-01,울산광역시,276.3666401266481,640,1.5
2018-06-01,울산광역시,292.97564419343456,652,1.5
2018-07-01,울산광역시,291.93952613977075,549,1.5
2018-08-01,울산광역시,274.9367063460462,598,1.5
2018-09-01,울산광역시,289.97073689811117,589,1.5
2018-10-01,울산광역시,292.498997342927,794,1.5
2018-11-01,울산광역시,281.9443543297333,655,1.75
2018-12-01,울산광역시,270.85930568751496,616,1.75
2019-01-01,울산광역시,275.18669680207296,734,1.75
2019-02-01,울산광역시,268.2763246143527,811,1.75
2019-03-01,울산광역시,271.8216660777197,969,1.75
2019-04-01,울산광역시,277.1754546031028,910,1.75
2019-05-01,울산광역시,281.41081060261183,848,1.75
2019-06-01,울산광역시,294.9355355186652,903,1.75
2019-07-01,울산광역시,300.2179161578893,1020,1.5
2019-08-01,울산광역시,300.5326026457815,960,1.5
2019-09-01,울산광역시,306.8000224757942,1152,1.5
2019-10-01,울산광역시,331.79202993187675,2223,1.25
2019-11-01,울산광역시,328.9363833695108,2097,1.25
2019-12-01,울산광역시,328.27391457818567,1693,1.25
2020-01-01,울산광역시,326.3921483229055,2584,1.25
2020-02-01,울산광역시,325.23902111333456,3226,1.25
2020-03-01,울산광역시,318.5840707964602,1758,0.75
2020-04-01,울산광역시,296.4322844639785,1920,0.75
2020-05-01,울산광역시,329.50385052392375,2825,0.5
2020-06-01,울산광역시,364.7612402352828,4954,0.5
2020-07-01,울산광역시,353.088642903801,3865,0.5
2020-08-01,울산광역시,329.78971056103046,2767,0.5
2020-09-01,울산광역시,346.47550776583034,3103,0.5
2020-10-01,울산광역시,346.8946000119356,1574,0.5
2021-03-01,울산광역시,264.1664296978001,981,0.5
2021-04-01,울산광역시,288.1001453421584,52,0.5
2022-03-01,울산광역시,291.86771801812404,1766,1.25
2022-04-01,울산광역시,300.34190397514317,2540,1.5
2022-05-01,울산광역시,300.2486322532983,2084,1.75
2022-06-01,울산광역시,289.4409528396167,1546,1.75
2022-07-01,울산광역시,270.65652348161666,1096,2.25
2022-08-01,울산광역시,302.48352918745303,1024,2.5
2022-09-01,울산광역시,303.33687279996155,932,2.5
2022-10-01,울산광역시,303.8117780054403,1102,3.0
2022-11-01,울산광역시,348.02930155131617,978,3.25
2022-12-01,울산광역시,362.5445430454432,904,3.25
2023-01-01,울산광역시,380.3460659484166,1170,3.5
2023-02-01,울산광역시,386.0197881587867,1848,3.5
2023-03-01,울산광역시,386.60259292321444,2000,3.5
2023-04-01,울산광역시,370.2004979688114,1762,3.5
2015-01-01,인천광역시,285.3421738100876,3975,2.0
2015-02-01,인천광역시,285.04117698587294,3882,2.0
2015-03-01,인천광역시,285.8876870088652,6500,1.75
2015-04-01,인천광역시,285.5659397715472,4965,1.75
2015-05-01,인천광역시,290.2685177682628,3964,1.75
2015-06-01,인천광역시,286.34454878838346,4068,1.5
2015-07-01,인천광역시,298.05575935436536,4097,1.5
2015-08-01,인천광역시,300.35542058102084,3855,1.5
2015-09-01,인천광역시,304.5250433941995,3896,1.5
2015-10-01,인천광역시,312.96204193353026,4475,1.5
2015-11-01,인천광역시,320.58772787866735,2970,1.5
2015-12-01,인천광역시,315.8355063895952,2277,1.5
2016-01-01,인천광역시,309.63032728985166,2323,1.5
2016-02-01,인천광역시,305.9353117705902,2319,1.5
2016-03-01,인천광역시,300.8987370695506,3722,1.5
2016-04-01,인천광역시,311.105612607844,3762,1.5
2016-05-01,인천광역시,313.3057504347305,3727,1.5
2016-06-01,인천광역시,316.77225741913975,4240,1.25
2016-07-01,인천광역시,321.6666666666667,4357,1.25
2016-08-01,인천광역시,317.6852703112759,4268,1.25
2016-09-01,인천광역시,322.8070175438597,4577,1.25
2016-10-01,인천광역시,335.09256932227527,4797,1.25
2016-11-01,인천광역시,337.8853673857026,2698,1.25
2016-12-01,인천광역시,335.6973995271868,2097,1.25
2017-01-01,인천광역시,325.02708559046584,1815,1.25
2017-02-01,인천광역시,317.98323484369377,2586,1.25
2017-03-01,인천광역시,318.27228882191014,3336,1.25
2017-04-01,인천광역시,323.6927120681549,3204,1.25
2017-05-01,인천광역시,321.5265530355597,3506,1.25
2017-06-01,인천광역시,334.5153664302601,4049,1.25
2017-07-01,인천광역시,337.7457102742301,3706,1.25
2017-08-01,인천광역시,343.027591349739,3379,1.25
2017-09-01,인천광역시,341.42490625616733,3433,1.25
2017-10-01,인천광역시,336.6281828029513,2766,1.25
2017-11-01,인천광역시,336.3585936670167,2589,1.5
2017-12-01,인천광역시,329.5668549905838,2081,1.5
2018-01-01,인천광역시,333.6113427856547,2487,1.5
2018-02-01,인천광역시,336.1344537815126,2241,1.5
2018-03-01,인천광역시,336.80700525877035,3306,1.5
2018-04-01,인천광역시,324.68619246861925,2305,1.5
2018-05-01,인천광역시,331.25461186128393,2244,1.5
2018-06-01,인천광역시,331.6427471680913,2208,1.5
2018-07-01,인천광역시,331.53542135290144,2134,1.5
2018-08-01,인천광역시,341.20138241773566,2716,1.5
2018-09-01,인천광역시,355.2196263607964,3364,1.5
2018-10-01,인천광역시,347.0609552801334,3346,1.5
2018-11-01,인천광역시,341.4985023166392,2024,1.75
2018-12-01,인천광역시,335.5456481757755,1962,1.75
2019-01-01,인천광역시,330.208149065393,2065,1.75
2019-02-01,인천광역시,321.8870991959037,1892,1.75
2019-03-01,인천광역시,323.54844402611917,2439,1.75
2019-04-01,인천광역시,321.74131997873707,2355,1.75
2019-05-01,인천광역시,324.0001668457285,2326,1.75
2019-06-01,인천광역시,329.62505150391434,2463,1.75
2019-07-01,인천광역시,333.89588510705636,2770,1.5
2019-08-01,인천광역시,345.8918931234879,2862,1.5
2019-09-01,인천광역시,346.40905542544886,2733,1.5
2019-10-01,인천광역시,359.0092762320064,3882,1.25
2019-11-01,인천광역시,376.0096446473852,4061,1.25
2019-12-01,인천광역시,372.975056257071,4351,1.25
2020-01-01,인천광역시,387.0144908151891,4310,1.25
2020-02-01,인천광역시,385.94092515217017,8759,1.25
2020-03-01,인천광역시,348.3799512210182,5340,0.75
2020-04-01,인천광역시,338.4469010729208,3962,0.75
2020-05-01,인천광역시,347.69330707971636,4936,0.5
2020-06-01,인천광역시,366.6895133653187,6727,0.5
2020-07-01,인천광역시,350.10795192180717,3354,0.5
2020-08-01,인천광역시,350.05380456625744,2379,0.5
2020-09-01,인천광역시,354.82899803891064,2216,0.5
2020-10-01,인천광역시,347.8551718371101,1985,0.5
2021-03-01,인천광역시,397.5870578557719,4341,0.5
2021-04-01,인천광역시,400.35085355430766,94,0.5
2022-03-01,인천광역시,470.3753957485301,2442,1.25
2022-04-01,인천광역시,473.0727112198568,3008,1.5
2022-05-01,인천광역시,468.1647940074906,2874,1.75
2022-06-01,인천광역시,465.04697750172386,2172,1.75
2022-07-01,인천광역시,470.56098108344855,1514,2.25
2022-08-01,인천광역시,460.61415220293725,1782,2.5
2022-09-01,인천광역시,460.3682946357086,1590,2.5
2022-10-01,인천광역시,458.6180794466609,1704,3.0
2022-11-01,인천광역시,474.7809325288066,1856,3.25
2022-12-01,인천광역시,467.26649218210684,1828,3.25
2023-01-01,인천광역시,470.59195920508824,2668,3.5
2023-02-01,인천광역시,484.50741901401614,4496,3.5
2023-03-01,인천광역시,461.07805268469224,4974,3.5
2023-04-01,인천광역시,466.97798532354904,4086,3.5
2015-01-01,전라남도,144.81424199305425,1496,2.0
2015-02-01,전라남도,147.25944286451423,1209,2.0
2015-03-01,전라남도,147.21469791543987,1813,1.75
2015-04-01,전라남도,145.58232931726909,1695,1.75
2015-05-01,전라남도,151.16487818834486,1572,1.75
2015-06-01,전라남도,145.74821584585777,1692,1.5
2015-07-01,전라남도,147.118097541314,1501,1.5
2015-08-01,전라남도,148.93260987211258,1426,1.5
2015-09-01,전라남도,150.70921985815602,1479,1.5
2015-10-01,전라남도,148.96267807811063,1735,1.5
2015-11-01,전라남도,155.87912458642685,1514,1.5
2015-12-01,전라남도,156.0140915953699,1461,1.5
2016-01-01,전라남도,146.77702124189668,1351,1.5
2016-02-01,전라남도,145.5449059282925,1419,1.5
2016-03-01,전라남도,147.1060233229913,1834,1.5
2016-04-01,전라남도,149.78067829250023,1699,1.5
2016-05-01,전라남도,149.60461637101943,1317,1.5
2016-06-01,전라남도,150.19912144541678,1554,1.25
2016-07-01,전라남도,152.959171667255,1541,1.25
2016-08-01,전라남도,153.2838108713595,1785,1.25
2016-09-01,전라남도,163.82344976983484,1807,1.25
2016-10-01,전라남도,160.0609756097561,2082,1.25
2016-11-01,전라남도,153.5118539259035,1663,1.25
2016-12-01,전라남도,164.8936170212766,1380,1.25
2017-01-01,전라남도,158.777003895644,1233,1.25
2017-02-01,전라남도,162.1209231356094,1519,1.25
2017-03-01,전라남도,164.84842788977025,1630,1.25
2017-04-01,전라남도,168.43971631205673,1422,1.25
2017-05-01,전라남도,166.70278560354743,1505,1.25
2017-06-01,전라남도,166.66666666666666,1611,1.25
2017-07-01,전라남도,174.8661311914324,1467,1.25
2017-08-01,전라남도,164.8936170212766,1391,1.25
2017-09-01,전라남도,180.59526477020773,1620,1.25
2017-10-01,전라남도,170.2127659574468,1229,1.25
2017-11-01,전라남도,172.75397710180317,1454,1.5
2017-12-01,전라남도,169.84605087014725,1281,1.5
2018-01-01,전라남도,178.38536270724347,1454,1.5
2018-02-01,전라남도,176.63683466792276,1255,1.5
2018-03-01,전라남도,176.58048382442675,1726,1.5
2018-04-01,전라남도,158.93375762938763,1450,1.5
2018-05-01,전라남도,177.95487228248717,1464,1.5
2018-06-01,전라남도,175.10217335188162,1306,1.5
2018-07-01,전라남도,176.23243629435578,1207,1.5
2018-08-01,전라남도,176.2705898158651,1210,1.5
2018-09-01,전라남도,185.22634659553975,1209,1.5
2018-10-01,전라남도,175.8634127514066,1610,1.5
2018-11-01,전라남도,180.2361266693485,1426,1.75
2018-12-01,전라남도,171.68097341445122,1233,1.75
2019-01-01,전라남도,183.33333333333334,2878,1.75
2019-02-01,전라남도,176.6408832497883,2772,1.75
2019-03-01,전라남도,179.37782237832414,3278,1.75
2019-04-01,전라남도,178.48206839032525,2658,1.75
2019-05-01,전라남도,184.06961178045515,2442,1.75
2019-06-01,전라남도,182.0711812430248,2212,1.75
2019-07-01,전라남도,180.21201413427562,2470,1.5
2019-08-01,전라남도,183.25988146407735,2412,1.5
2019-09-01,전라남도,178.83755588673623,2362,1.5
2019-10-01,전라남도,184.49264522562953,2910,1.25
2019-11-01,전라남도,183.4126567969393,2728,1.25
2019-12-01,전라남도,186.73795950829052,2976,1.25
2020-01-01,전라남도,192.51604300358363,2628,1.25
2020-02-01,전라남도,191.45505844417573,3702,1.25
2020-03-01,전라남도,191.95460391261804,3152,0.75
2020-04-01,전라남도,185.52376268382312,3158,0.75
2020-05-01,전라남도,188.15855494229805,3403,0.5
2020-06-01,전라남도,186.01935268601935,4571,0.5
2020-07-01,전라남도,196.31625883590124,4108,0.5
2020-08-01,전라남도,189.00654377343744,3006,0.5
2020-09-01,전라남도,187.1345029239766,3441,0.5
2020-10-01,전라남도,177.56148888596607,2007,0.5
2020-11-01,전라남도,178.11704834605598,1258,0.5
2020-12-01,전라남도,187.42442563482467,1393,0.5
2021-01-01,전라남도,182.43879472693033,1051,0.5
2021-02-01,전라남도,184.38963252199818,694,0.5
2021-03-01,전라남도,185.10356985456147,1683,0.5
2021-04-01,전라남도,174.36026091319619,147,0.5
2022-03-01,전라남도,200.62548223010725,2984,1.25
2022-04-01,전라남도,194.1867876463436,2944,1.5
2022-05-01,전라남도,184.3769982005836,2732,1.75
2022-06-01,전라남도,192.94496155969173,2120,1.75
2022-07-01,전라남도,194.163332548835,1994,2.25
2022-08-01,전라남도,196.66666666666666,1762,2.5
2022-09-01,전라남도,182.95959698923036,1696,2.5
2022-10-01,전라남도,177.56255044390636,1722,3.0
2022-11-01,전라남도,182.11420109111435,1452,3.25
2022-12-01,전라남도,188.15855494229805,1290,3.25
2023-01-01,전라남도,203.99836801305588,1654,3.5
2023-02-01,전라남도,203.85523673000125,2196,3.5
2023-03-01,전라남도,200.19324547881047,2380,3.5
2023-04-01,전라남도,212.6014688828759,2206,3.5
2015-01-01,전라북도,175.0841750841751,1961,2.0
2015-02-01,전라북도,170.27378639065506,1624,2.0
2015-03-01,전라북도,167.13747645951037,2441,1.75
2015-04-01,전라북도,170.78589280755347,2113,1.75
2015-05-01,전라북도,171.01591865040976,1954,1.75
2015-06-01,전라북도,168.97492389777798,2096,1.5
2015-07-01,전라북도,169.1811339940397,1852,1.5
2015-08-01,전라북도,166.9449081803005,1753,1.5
2015-09-01,전라북도,166.66666666666666,1809,1.5
2015-10-01,전라북도,174.6518763275903,1983,1.5
2015-11-01,전라북도,176.5601148343667,1820,1.5
2015-12-01,전라북도,172.7687974818356,1575,1.5
2016-01-01,전라북도,173.13834257858463,1639,1.5
2016-02-01,전라북도,177.8006306625171,1842,1.5
2016-03-01,전라북도,169.67364019068697,2244,1.5
2016-04-01,전라북도,164.03115411848006,1957,1.5
2016-05-01,전라북도,167.31736634085576,1706,1.5
2016-06-01,전라북도,175.96006578244652,1748,1.25
2016-07-01,전라북도,170.86569535241904,1702,1.25
2016-08-01,전라북도,178.0072165174373,1910,1.25
2016-09-01,전라북도,179.43918488500293,1948,1.25
2016-10-01,전라북도,187.3661670235546,2303,1.25
2016-11-01,전라북도,185.30539982295664,1743,1.25
2016-12-01,전라북도,191.66370478905387,1646,1.25
2017-01-01,전라북도,190.64820389323702,1337,1.25
2017-02-01,전라북도,182.94061919723003,1780,1.25
2017-03-01,전라북도,174.5235707121364,2007,1.25
2017-04-01,전라북도,173.13482770157242,1739,1.25
2017-05-01,전라북도,178.2166750091205,1802,1.25
2017-06-01,전라북도,177.72851091532857,1764,1.25
2017-07-01,전라북도,177.8836357076762,1611,1.25
2017-08-01,전라북도,177.16585985952568,1582,1.25
2017-09-01,전라북도,190.5531993908706,1618,1.25
2017-10-01,전라북도,189.19157536744729,1532,1.25
2017-11-01,전라북도,192.66913573066796,1586,1.5
2017-12-01,전라북도,195.42205067396714,1400,1.5
2018-01-01,전라북도,190.6992305118769,1617,1.5
2018-02-01,전라북도,188.10464085828545,1394,1.5
2018-03-01,전라북도,184.84442957510873,1737,1.5
2018-04-01,전라북도,182.4254831042469,1332,1.5
2018-05-01,전라북도,181.56972132261308,1350,1.5
2018-06-01,전라북도,193.4675000888682,1370,1.5
2018-07-01,전라북도,184.20003002250763,1274,1.5
2018-08-01,전라북도,185.42307971980514,1247,1.5
2018-09-01,전라북도,188.5438739926251,1256,1.5
2018-10-01,전라북도,183.61581920903956,1557,1.5
2018-11-01,전라북도,183.53828441759964,1225,1.75
2018-12-01,전라북도,186.17402348144725,1190,1.75
2019-01-01,전라북도,183.58418433777877,2660,1.75
2019-02-01,전라북도,178.11704834605598,2534,1.75
2019-03-01,전라북도,172.59691980881573,2807,1.75
2019-04-01,전라북도,176.93825094147888,2593,1.75
2019-05-01,전라북도,176.5081740935423,2626,1.75
2019-06-01,전라북도,176.61603673613564,2403,1.75
2019-07-01,전라북도,199.44163404431617,3328,1.5
2019-08-01,전라북도,179.6930244166216,2662,1.5
2019-09-01,전라북도,179.76557461902152,2792,1.5
2019-10-01,전라북도,182.48714960223492,3510,1.25
2019-11-01,전라북도,203.37887594823692,3824,1.25
2019-12-01,전라북도,211.86340930598254,4543,1.25
2020-01-01,전라북도,200.32051282051285,3530,1.25
2020-02-01,전라북도,202.39013107170393,4621,1.25
2020-03-01,전라북도,186.8753441342833,3823,0.75
2020-04-01,전라북도,179.29910350448247,3594,0.75
2020-05-01,전라북도,187.14069778967195,4388,0.5
2020-06-01,전라북도,206.6403617993428,5746,0.5
2020-07-01,전라북도,191.88888588923714,5008,0.5
2020-08-01,전라북도,183.40975533893436,3786,0.5
2020-09-01,전라북도,191.9225634178905,4036,0.5
2020-10-01,전라북도,188.32391713747649,2214,0.5
2021-03-01,전라북도,180.2102452861672,2447,0.5
2021-04-01,전라북도,167.18240778778502,196,0.5
2022-03-01,전라북도,200.80321285140565,4690,1.25
2022-04-01,전라북도,208.6250885462288,4580,1.5
2022-05-01,전라북도,205.14433884079318,4048,1.75
2022-06-01,전라북도,207.34463484232217,3132,1.75
2022-07-01,전라북도,200.87439442278153,2360,2.25
2022-08-01,전라북도,194.8051948051948,2122,2.5
2022-09-01,전라북도,184.30570172392606,1906,2.5
2022-10-01,전라북도,194.5447252306458,1882,3.0
2022-11-01,전라북도,199.71590450814932,1584,3.25
2022-12-01,전라북도,190.22827392871446,1330,3.25
2023-01-01,전라북도,200.1945891406447,1630,3.5
2023-02-01,전라북도,217.74952919020717,2618,3.5
2023-03-01,전라북도,216.70043904086458,2742,3.5
2023-04-01,전라북도,206.70111685280878,2526,3.5
2015-01-01,제주특별자치도,256.20401516547145,512,2.0
2015-02-01,제주특별자치도,243.30900243309003,309,2.0
2015-03-01,제주특별자치도,236.36363636363637,305,1.75
2015-04-01,제주특별자치도,261.49180715431135,264,1.75
2015-05-01,제주특별자치도,248.329695036063,222,1.75
2015-06-01,제주특별자치도,254.8389773252575,231,1.5
2015-07-01,제주특별자치도,253.43064945644437,214,1.5
2015-08-01,제주특별자치도,278.60831747757544,189,1.5
2015-09-01,제주특별자치도,268.5158577653278,212,1.5
2015-10-01,제주특별자치도,310.7472593129952,286,1.5
2015-11-01,제주특별자치도,310.5661242264497,321,1.5
2015-12-01,제주특별자치도,319.8570762777691,376,1.5
2016-01-01,제주특별자치도,318.82895528373774,407,1.5
2016-02-01,제주특별자치도,307.9838900734423,283,1.5
2016-03-01,제주특별자치도,313.508064516129,359,1.5
2016-04-01,제주특별자치도,331.0828356271099,217,1.5
2016-05-01,제주특별자치도,323.1577941767909,190,1.5
2016-06-01,제주특별자치도,327.6209677419355,260,1.25
2016-07-01,제주특별자치도,351.2171490856243,309,1.25
2016-08-01,제주특별자치도,343.50931748478865,263,1.25
2016-09-01,제주특별자치도,355.64177174264466,272,1.25
2016-10-01,제주특별자치도,361.1921115381921,300,1.25
2016-11-01,제주특별자치도,354.40047253396335,355,1.25
2016-12-01,제주특별자치도,379.4923347574768,251,1.25
2017-01-01,제주특별자치도,370.9645077200722,268,1.25
2017-02-01,제주특별자치도,363.3996212121212,195,1.25
2017-03-01,제주특별자치도,364.89492541427865,168,1.25
2017-04-01,제주특별자치도,366.27397293175295,197,1.25
2017-05-01,제주특별자치도,358.8278879171197,162,1.25
2017-06-01,제주특별자치도,365.75563116368767,206,1.25
2017-07-01,제주특별자치도,356.2664873325247,183,1.25
2017-08-01,제주특별자치도,347.94345688901456,174,1.25
2017-09-01,제주특별자치도,350.87719298245617,207,1.25
2017-10-01,제주특별자치도,358.1025386494278,206,1.25
2017-11-01,제주특별자치도,353.19048740287263,257,1.5
2017-12-01,제주특별자치도,362.25917997694717,277,1.5
2018-01-01,제주특별자치도,343.4343434343434,219,1.5
2018-02-01,제주특별자치도,356.14513731192096,173,1.5
2018-03-01,제주특별자치도,366.28902677108607,230,1.5
2018-04-01,제주특별자치도,346.16254420387656,194,1.5
2018-05-01,제주특별자치도,351.1173267474038,203,1.5
2018-06-01,제주특별자치도,349.3814777666332,185,1.5
2018-07-01,제주특별자치도,368.0346474940402,161,1.5
2018-08-01,제주특별자치도,384.7700130069765,175,1.5
2018-09-01,제주특별자치도,378.1209820811201,162,1.5
2018-10-01,제주특별자치도,346.8780971258672,245,1.5
2018-11-01,제주특별자치도,355.5580144524073,234,1.75
2018-12-01,제주특별자치도,343.76698734921973,246,1.75
2019-01-01,제주특별자치도,333.72267645586516,183,1.75
2019-02-01,제주특별자치도,347.47474747474746,121,1.75
2019-03-01,제주특별자치도,347.23988806919357,177,1.75
2019-04-01,제주특별자치도,350.28671154325605,182,1.75
2019-05-01,제주특별자치도,341.4442700156986,141,1.75
2019-06-01,제주특별자치도,353.1073495246704,176,1.75
2019-07-01,제주특별자치도,388.78691807108294,191,1.5
2019-08-01,제주특별자치도,343.14242000832263,176,1.5
2019-09-01,제주특별자치도,356.80702353535116,170,1.5
2019-10-01,제주특별자치도,342.24621655890695,242,1.25
2019-11-01,제주특별자치도,362.4761949501874,278,1.25
2019-12-01,제주특별자치도,345.6013000307827,272,1.25
2020-01-01,제주특별자치도,363.6363636363636,514,1.25
2020-02-01,제주특별자치도,346.20424994583254,480,1.25
2020-03-01,제주특별자치도,335.63005708270464,392,0.75
2020-04-01,제주특별자치도,336.43570268526815,308,0.75
2020-05-01,제주특별자치도,338.855421686747,382,0.5
2020-06-01,제주특별자치도,359.0769955262538,618,0.5
2020-07-01,제주특별자치도,389.5239309338659,602,0.5
2020-08-01,제주특별자치도,347.4266870804381,442,0.5
2020-09-01,제주특별자치도,349.4949494949495,517,0.5
2020-10-01,제주특별자치도,377.2609314499342,394,0.5
2020-11-01,제주특별자치도,368.8929673305946,508,0.5
2020-12-01,제주특별자치도,361.78726242080694,461,0.5
2021-01-01,제주특별자치도,343.25259515570934,380,0.5
2021-02-01,제주특별자치도,352.9939179147943,203,0.5
2021-03-01,제주특별자치도,350.8095605242868,264,0.5
2021-04-01,제주특별자치도,417.54771116494874,24,0.5
2022-03-01,제주특별자치도,408.56579318117775,247,1.25
2022-04-01,제주특별자치도,383.19546519550363,242,1.5
2022-05-01,제주특별자치도,353.4527297832574,268,1.75
2022-06-01,제주특별자치도,408.4380610412926,227,1.75
2022-07-01,제주특별자치도,348.6842105263158,131,2.25
2022-08-01,제주특별자치도,381.1575341441158,181,2.5
2022-09-01,제주특별자치도,373.97968925749547,114,2.5
2022-10-01,제주특별자치도,362.6748588395336,146,3.0
2022-11-01,제주특별자치도,371.967114497694,123,3.25
2022-12-01,제주특별자치도,394.8050290382283,127,3.25
2023-01-01,제주특별자치도,402.3391812865497,135,3.5
2023-02-01,제주특별자치도,412.49036237471086,135,3.5
2023-03-01,제주특별자치도,391.44736842105266,177,3.5
2023-04-01,제주특별자치도,421.6867469879518,309,3.5
2023-05-01,제주특별자치도,421.0737390900552,184,3.5
2023-06-01,제주특별자치도,425.77215933494506,146,3.5
2023-07-01,제주특별자치도,435.1313414878685,11,3.5
2015-01-01,충청남도,213.7700474998739,2288,2.0
2015-02-01,충청남도,216.45021645021643,1903,2.0
2015-03-01,충청남도,212.09782224204486,2730,1.75
2015-04-01,충청남도,214.14247119412062,2352,1.75
2015-05-01,충청남도,214.71776669037317,2068,1.75
2015-06-01,충청남도,206.39834881320948,2043,1.5
2015-07-01,충청남도,214.4412799463897,2194,1.5
2015-08-01,충청남도,208.74151789254128,1998,1.5
2015-09-01,충청남도,210.45815120608708,2023,1.5
2015-10-01,충청남도,207.42479495228608,2262,1.5
2015-11-01,충청남도,210.73699081704734,1843,1.5
2015-12-01,충청남도,202.4915883581464,1527,1.5
2016-01-01,충청남도,207.58077890362483,1360,1.5
2016-02-01,충청남도,206.782464846981,1313,1.5
2016-03-01,충청남도,200.02353218025652,1727,1.5
2016-04-01,충청남도,199.50047246579857,1540,1.5
2016-05-01,충청남도,195.58676028084253,1495,1.5
2016-06-01,충청남도,205.1282051282051,1612,1.25
2016-07-01,충청남도,205.1282051282051,1490,1.25
2016-08-01,충청남도,205.14634522416623,1692,1.25
2016-09-01,충청남도,207.97720797720797,1640,1.25
2016-10-01,충청남도,206.51144348745513,2229,1.25
2016-11-01,충청남도,209.34825543120473,1609,1.25
2016-12-01,충청남도,207.74595637334917,1395,1.25
2017-01-01,충청남도,209.52515525415384,1214,1.25
2017-02-01,충청남도,200.90406830738323,1653,1.25
2017-03-01,충청남도,195.93078195133475,1748,1.25
2017-04-01,충청남도,196.88446845077533,1458,1.25
2017-05-01,충청남도,201.23839009287926,1653,1.25
2017-06-01,충청남도,200.06887973464583,1999,1.25
2017-07-01,충청남도,202.6639474858199,1667,1.25
2017-08-01,충청남도,203.76414419059438,1658,1.25
2017-09-01,충청남도,208.17562452687358,1703,1.25
2017-10-01,충청남도,208.43755210938804,1420,1.25
2017-11-01,충청남도,211.63765215235492,1625,1.5
2017-12-01,충청남도,211.96682285234562,1418,1.5
2018-01-01,충청남도,204.2346914857148,1552,1.5
2018-02-01,충청남도,206.3976057904477,1470,1.5
2018-03-01,충청남도,200.81984702548155,2145,1.5
2018-04-01,충청남도,200.01153007643973,1607,1.5
2018-05-01,충청남도,194.12517531817215,1496,1.5
2018-06-01,충청남도,203.38181388199126,1497,1.5
2018-07-01,충청남도,196.6595785669304,1254,1.5
2018-08-01,충청남도,192.7799346969888,1368,1.5
2018-09-01,충청남도,201.85106732690227,1472,1.5
2018-10-01,충청남도,208.38238756769485,1903,1.5
2018-11-01,충청남도,217.04947194458632,1563,1.75
2018-12-01,충청남도,204.06605074702242,1282,1.75
2019-01-01,충청남도,208.33333333333331,3145,1.75
2019-02-01,충청남도,202.64755854223938,2928,1.75
2019-03-01,충청남도,206.13335060927128,3790,1.75
2019-04-01,충청남도,194.30064905264038,3240,1.75
2019-05-01,충청남도,206.48027417922066,3248,1.75
2019-06-01,충청남도,214.25482920535546,3308,1.75
2019-07-01,충청남도,222.42694488098542,3818,1.5
2019-08-01,충청남도,222.05224758766767,3894,1.5
2019-09-01,충청남도,232.80494091186117,3756,1.5
2019-10-01,충청남도,223.5846503253745,5029,1.25
2019-11-01,충청남도,252.94117647058823,6262,1.25
2019-12-01,충청남도,245.31078990074346,6330,1.25
2020-01-01,충청남도,228.25355440199922,4701,1.25
2020-02-01,충청남도,216.71826625386996,5602,1.25
2020-03-01,충청남도,211.80230956716503,4416,0.75
2020-04-01,충청남도,210.2348560121289,4372,0.75
2020-05-01,충청남도,221.7480588198521,5326,0.5
2020-06-01,충청남도,258.8844433984467,8503,0.5
2020-07-01,충청남도,234.46451766373949,6809,0.5
2020-08-01,충청남도,224.47441159226065,4883,0.5
2020-09-01,충청남도,233.78953886593118,5190,0.5
2020-10-01,충청남도,215.46362079703653,2697,0.5
2021-03-01,충청남도,218.1346539323193,3105,0.5
2021-04-01,충청남도,193.24122479462287,238,0.5
2022-03-01,충청남도,221.18948173421964,4746,1.25
2022-04-01,충청남도,233.91812865497076,5312,1.5
2022-05-01,충청남도,206.72134494325832,4660,1.75
2022-06-01,충청남도,204.9910873440285,3590,1.75
2022-07-01,충청남도,208.41724712634857,2792,2.25
2022-08-01,충청남도,216.45021645021643,2788,2.5
2022-09-01,충청남도,205.10255127563784,2490,2.5
2022-10-01,충청남도,207.01978623520776,2668,3.0
2022-11-01,충청남도,217.00256915310678,2280,3.25
2022-12-01,충청남도,230.69207622868606,2130,3.25
2023-01-01,충청남도,237.9488681670878,2424,3.5
2023-02-01,충청남도,247.15688778095114,3808,3.5
2023-03-01,충청남도,234.46451766373949,4110,3.5
2023-04-01,충청남도,240.08955357857542,3548,3.5
2015-01-01,충청북도,200.90525544512332,1571,2.0
2015-02-01,충청북도,200.92425155716293,1393,2.0
2015-03-01,충청북도,207.63842561707804,1933,1.75
2015-04-01,충청북도,197.07366747204776,1662,1.75
2015-05-01,충청북도,207.32712922605725,1379,1.75
2015-06-01,충청북도,202.95205525653134,1362,1.5
2015-07-01,충청북도,200.03333888981496,1372,1.5
2015-08-01,충청북도,201.5621063240111,1289,1.5
2015-09-01,충청북도,204.3338416172695,1236,1.5
2015-10-01,충청북도,204.90112994350284,1406,1.5
2015-11-01,충청북도,200.20020020020021,1161,1.5
2015-12-01,충청북도,187.7266969378448,1004,1.5
2016-01-01,충청북도,195.1951951951952,1041,1.5
2016-02-01,충청북도,194.64307579131648,1142,1.5
2016-03-01,충청북도,200.0058826989823,1504,1.5
2016-04-01,충청북도,193.43633475186647,1351,1.5
2016-05-01,충청북도,189.19259927410175,1262,1.5
2016-06-01,충청북도,195.31709612895636,1265,1.25
2016-07-01,충청북도,194.09704852426214,1227,1.25
2016-08-01,충청북도,202.70845754194704,1347,1.25
2016-09-01,충청북도,197.66771125863687,1374,1.25
2016-10-01,충청북도,208.891660265359,1594,1.25
2016-11-01,충청북도,197.2807476909163,1208,1.25
2016-12-01,충청북도,206.74364123159305,1118,1.25
2017-01-01,충청북도,203.76914016489988,939,1.25
2017-02-01,충청북도,190.3085177733065,1243,1.25
2017-03-01,충청북도,196.75418074921893,1474,1.25
2017-04-01,충청북도,194.25782505844586,1236,1.25
2017-05-01,충청북도,197.8957570412901,1416,1.25
2017-06-01,충청북도,204.24509411293553,1435,1.25
2017-07-01,충청북도,201.65906898260403,1350,1.25
2017-08-01,충청북도,200.53475935828877,1247,1.25
2017-09-01,충청북도,202.63981724342162,1241,1.25
2017-10-01,충청북도,197.94980558501237,1109,1.25
2017-11-01,충청북도,202.2989026547293,1182,1.5
2017-12-01,충청북도,200.14718107938447,1072,1.5
2018-01-01,충청북도,210.0350058343057,1748,1.5
2018-02-01,충청북도,210.9365214053608,1548,1.5
2018-03-01,충청북도,200.30635088959585,1959,1.5
2018-04-01,충청북도,192.5952341502186,1450,1.5
2018-05-01,충청북도,200.46775810223855,1479,1.5
2018-06-01,충청북도,200.28781239376556,1374,1.5
2018-07-01,충청북도,190.8780389793048,1176,1.5
2018-08-01,충청북도,194.82827101028423,1200,1.5
2018-09-01,충청북도,196.58437589757835,1301,1.5
2018-10-01,충청북도,203.38643422502756,1669,1.5
2018-11-01,충청북도,194.13683234578474,1215,1.75
2018-12-01,충청북도,188.3973347104166,1108,1.75
2019-01-01,충청북도,189.5093426006051,2060,1.75
2019-02-01,충청북도,184.06961178045515,2054,1.75
2019-03-01,충청북도,179.0341578327444,2362,1.75
2019-04-01,충청북도,180.88369784326525,2284,1.75
2019-05-01,충청북도,183.78478451304642,2324,1.75
2019-06-01,충청북도,184.34013758941836,2112,1.75
2019-07-01,충청북도,185.325595190348,2528,1.5
2019-08-01,충청북도,197.66659293388992,2526,1.5
2019-09-01,충청북도,202.3342473589318,2904,1.5
2019-10-01,충청북도,210.7728337236534,3642,1.25
2019-11-01,충청북도,233.5988573678748,3814,1.25
2019-12-01,충청북도,233.84631861399453,4324,1.25
2020-01-01,충청북도,211.7896223085069,3574,1.25
2020-02-01,충청북도,213.22993659588042,4604,1.25
2020-03-01,충청북도,197.39660078441193,3584,0.75
2020-04-01,충청북도,212.9852769514629,3946,0.75
2020-05-01,충청북도,262.76828627005506,7508,0.5
2020-06-01,충청북도,221.0337372551113,6299,0.5
2020-07-01,충청북도,195.09754877438718,3571,0.5
2020-08-01,충청북도,211.25938281901583,3245,0.5
2020-09-01,충청북도,210.5941059873358,3413,0.5
2020-10-01,충청북도,194.45238776093797,1832,0.5
2021-03-01,충청북도,210.87316452217996,2612,0.5
2021-04-01,충청북도,180.0156452389079,178,0.5
2022-03-01,충청북도,225.4509018036072,3682,1.25
2022-04-01,충청북도,231.12617396956352,3976,1.5
2022-05-01,충청북도,218.3996907614998,3762,1.75
2022-06-01,충청북도,218.5824826665085,2756,1.75
2022-07-01,충청북도,210.97500125552634,2428,2.25
2022-08-01,충청북도,200.224605495586,1972,2.5
2022-09-01,충청북도,202.1174205967276,2198,2.5
2022-10-01,충청북도,203.18421516189397,2284,3.0
2022-11-01,충청북도,209.73808573402823,1864,3.25
2022-12-01,충청북도,225.75964570128724,1580,3.25
2023-01-01,충청북도,239.1742195367573,1882,3.5
2023-02-01,충청북도,256.8301818824652,3058,3.5
2023-03-01,충청북도,247.35113531581902,3372,3.5
2023-04-01,충청북도,240.19780996114446,2782,3.5
