player_name,humidity_group,games,AB,H,season_avg,weather_avg,weather_diff,sample_weight,signal_score,signal_strength
강경학,보통,15,36,9,0.23893805309734514,0.25,0.011061946902654857,6.0,0.06637168141592914,0.06637168141592914
강경학,습함,30,77,18,0.23893805309734514,0.23376623376623376,-0.0051718193311113825,8.774964387392123,-0.04538253044852853,0.04538253044852853
강로한,건조,11,38,12,0.23958333333333334,0.3157894736842105,0.07620614035087717,6.164414002968976,0.4697661986911663,0.4697661986911663
강로한,보통,35,112,24,0.23958333333333334,0.21428571428571427,-0.02529761904761907,10.583005244258363,-0.2677248350482029,0.2677248350482029
강로한,습함,46,138,33,0.23958333333333334,0.2391304347826087,-0.0004528985507246397,11.74734012447073,-0.005320353317242202,0.005320353317242202
강민호,건조,26,81,12,0.2310126582278481,0.14814814814814814,-0.08286451007969997,9.0,-0.7457805907172997,0.7457805907172997
강민호,보통,35,106,29,0.2310126582278481,0.27358490566037735,0.04257224743252924,10.295630140987,0.4383081138359045,0.4383081138359045
강민호,습함,42,129,32,0.2310126582278481,0.24806201550387597,0.017049357276027854,11.357816691600547,0.1936434746507304,0.1936434746507304
강백호,건조,15,56,18,0.3283582089552239,0.32142857142857145,-0.006929637526652432,7.483314773547883,-0.05185665887852996,0.05185665887852996
강백호,보통,51,195,61,0.3283582089552239,0.3128205128205128,-0.015537696134711065,13.96424004376894,-0.21697211855224616,0.21697211855224616
강백호,습함,42,151,53,0.3283582089552239,0.3509933774834437,0.02263516852821984,12.288205727444508,0.2781456075501427,0.2781456075501427
고종욱,건조,17,68,22,0.3278008298755187,0.3235294117647059,-0.004271418110812775,8.246211251235321,-0.03522301608411462,0.03522301608411462
고종욱,보통,49,189,65,0.3278008298755187,0.3439153439153439,0.016114514039825223,13.74772708486752,0.22153794112478314,0.22153794112478314
고종욱,습함,59,225,71,0.3278008298755187,0.31555555555555553,-0.01224527431996314,15.0,-0.1836791147994471,0.1836791147994471
구자욱,건조,31,110,36,0.2636363636363636,0.32727272727272727,0.06363636363636366,10.488088481701515,0.6674238124719148,0.6674238124719148
구자욱,보통,36,144,35,0.2636363636363636,0.24305555555555555,-0.02058080808080806,12.0,-0.24696969696969673,0.24696969696969673
구자욱,습함,47,186,45,0.2636363636363636,0.24193548387096775,-0.021700879765395864,13.638181696985855,-0.29596054122491255,0.29596054122491255
권희동,건조,27,98,28,0.25316455696202533,0.2857142857142857,0.032549728752260365,9.899494936611665,0.3222258749710846,0.3222258749710846
권희동,보통,32,99,24,0.25316455696202533,0.24242424242424243,-0.010740314537782902,9.9498743710662,-0.10686478035667582,0.10686478035667582
권희동,습함,45,119,28,0.25316455696202533,0.23529411764705882,-0.017870439314966513,10.908712114635714,-0.19494347784903754,0.19494347784903754
김강민,건조,12,47,14,0.2603092783505155,0.2978723404255319,0.03756306207501642,6.855654600401044,0.2575193793197363,0.2575193793197363
김강민,보통,41,155,37,0.2603092783505155,0.23870967741935484,-0.021599600931160645,12.449899597988733,-0.26891286294957395,0.26891286294957395
김강민,습함,51,186,50,0.2603092783505155,0.26881720430107525,0.00850792595055977,13.638181696985855,0.11603263997823524,0.11603263997823524
김규민,건조,15,40,5,0.24651162790697675,0.125,-0.12151162790697675,6.324555320336759,-0.7685070127618504,0.7685070127618504
김규민,보통,27,80,23,0.24651162790697675,0.2875,0.04098837209302322,8.94427190999916,0.3666111451482211,0.3666111451482211
김규민,습함,31,95,25,0.24651162790697675,0.2631578947368421,0.016646266829865336,9.746794344808963,0.16224773939951248,0.16224773939951248
김동엽,보통,17,56,12,0.22857142857142856,0.21428571428571427,-0.01428571428571429,7.483314773547883,-0.10690449676496978,0.10690449676496978
김동엽,습함,27,93,24,0.22857142857142856,0.25806451612903225,0.029493087557603687,9.643650760992955,0.2844210362689166,0.2844210362689166
김민성,건조,26,83,21,0.26038781163434904,0.25301204819277107,-0.007375763441577976,9.1104335791443,-0.06719640292997692,0.06719640292997692
김민성,보통,46,156,43,0.26038781163434904,0.27564102564102566,0.015253214006676619,12.489995996796797,0.1905125818816758,0.1905125818816758
김민성,습함,35,122,30,0.26038781163434904,0.2459016393442623,-0.014486172290086752,11.045361017187261,-0.1600050027011825,0.1600050027011825
김민하,습함,24,59,18,0.23529411764705882,0.3050847457627119,0.06979062811565306,7.681145747868608,0.5360719863916278,0.5360719863916278
김민혁,건조,14,49,13,0.2803532008830022,0.2653061224489796,-0.015047078434022587,7.0,-0.10532954903815811,0.10532954903815811
김민혁,보통,52,196,59,0.2803532008830022,0.3010204081632653,0.02066720728026311,14.0,0.28934090192368356,0.28934090192368356
김민혁,습함,53,208,55,0.2803532008830022,0.2644230769230769,-0.01593012395992527,14.422205101855956,-0.229747515048032,0.229747515048032
김상수,건조,30,112,30,0.268018018018018,0.26785714285714285,-0.0001608751608751513,10.583005244258363,-0.0017025426712126341,0.0017025426712126341
김상수,보통,39,141,42,0.268018018018018,0.2978723404255319,0.0298543224075139,11.874342087037917,0.35450043704354145,0.35450043704354145
김상수,습함,51,191,47,0.268018018018018,0.24607329842931938,-0.02194471958869862,13.820274961085254,-0.3032820586597286,0.3032820586597286
김선빈,건조,15,55,12,0.2978723404255319,0.21818181818181817,-0.07969052224371373,7.416198487095663,-0.591000730499693,0.591000730499693
김선빈,보통,37,125,35,0.2978723404255319,0.28,-0.017872340425531874,11.180339887498949,-0.19981884054253396,0.19981884054253396
김선빈,습함,61,196,65,0.2978723404255319,0.33163265306122447,0.03376031263569257,14.0,0.47264437689969596,0.47264437689969596
김성욱,건조,22,66,14,0.24436090225563908,0.21212121212121213,-0.03223969013442696,8.12403840463596,-0.2619164808056477,0.2619164808056477
김성욱,보통,29,77,17,0.24436090225563908,0.22077922077922077,-0.023581681476418315,8.774964387392123,-0.2069284151503952,0.2069284151503952
김성욱,습함,46,123,34,0.24436090225563908,0.2764227642276423,0.0320618619720032,11.090536506409418,0.3555832506639613,0.3555832506639613
김성현,건조,17,55,14,0.2531017369727047,0.2545454545454545,0.001443717572749803,7.416198487095663,0.010706896078820511,0.010706896078820511
김성현,보통,54,173,42,0.2531017369727047,0.24277456647398843,-0.010327170498716287,13.152946437965905,-0.13583272042535696,0.13583272042535696
김성현,습함,59,175,46,0.2531017369727047,0.26285714285714284,0.009755405884438129,13.228756555322953,0.129051889543597,0.129051889543597
김용의,건조,18,55,10,0.21910112359550563,0.18181818181818182,-0.0372829417773238,7.416198487095663,-0.2764976964034645,0.2764976964034645
김용의,보통,35,72,16,0.21910112359550563,0.2222222222222222,0.003121098626716584,8.48528137423857,0.02648340004443981,0.02648340004443981
김용의,습함,22,51,13,0.21910112359550563,0.2549019607843137,0.03580083718880808,7.14142842854285,0.25566911646578816,0.25566911646578816
김재호,건조,30,87,29,0.27873563218390807,0.3333333333333333,0.05459770114942525,9.327379053088816,0.5092534540479522,0.5092534540479522
김재호,보통,44,128,34,0.27873563218390807,0.265625,-0.013110632183908066,11.313708498984761,-0.14832987076614382,0.14832987076614382
김재호,습함,42,133,34,0.27873563218390807,0.2556390977443609,-0.02309653443954718,11.532562594670797,-0.2663622291440476,0.2663622291440476
김재환,건조,35,136,30,0.28104575163398693,0.22058823529411764,-0.06045751633986929,11.661903789690601,-0.7050497389192031,0.7050497389192031
김재환,보통,46,166,58,0.28104575163398693,0.3493975903614458,0.06835183872745887,12.884098726725126,0.8806518383177739,0.8806518383177739
김재환,습함,44,157,41,0.28104575163398693,0.2611464968152866,-0.019899254818700307,12.529964086141668,-0.24933694821929636,0.24933694821929636
김주찬,건조,13,42,9,0.30491803278688523,0.21428571428571427,-0.09063231850117096,6.48074069840786,-0.5873645551016023,0.5873645551016023
김주찬,보통,24,87,28,0.30491803278688523,0.3218390804597701,0.01692104767288488,9.327379053088816,0.1578290256203837,0.1578290256203837
김주찬,습함,54,176,56,0.30491803278688523,0.3181818181818182,0.013263785394932948,13.2664991614216,0.175963997819154,0.175963997819154
김찬형,습함,31,90,24,0.2826086956521739,0.26666666666666666,-0.01594202898550723,9.486832980505138,-0.15123936635587884,0.15123936635587884
김태균,건조,17,58,18,0.29876543209876544,0.3103448275862069,0.011579395487441468,7.615773105863909,0.08818604873541865,0.08818604873541865
김태균,보통,40,142,45,0.29876543209876544,0.31690140845070425,0.01813597635193881,11.916375287812984,0.2161151004206043,0.2161151004206043
김태균,습함,61,205,58,0.29876543209876544,0.28292682926829266,-0.01583860283047278,14.317821063276353,-0.22677428121901166,0.22677428121901166
김태진,건조,22,65,17,0.27945205479452057,0.26153846153846155,-0.017913593256059013,8.06225774829855,-0.14442400602853042,0.14442400602853042
김태진,보통,34,117,30,0.27945205479452057,0.2564102564102564,-0.023041798384264178,10.816653826391969,-0.2492351566601034,0.2492351566601034
김태진,습함,55,183,55,0.27945205479452057,0.3005464480874317,0.02109439329291113,13.527749258468683,0.2853596632260253,0.2853596632260253
김하성,건조,30,116,43,0.30980392156862746,0.3706896551724138,0.06088573360378635,10.770329614269007,0.6557594197193538,0.6557594197193538
김하성,보통,50,192,53,0.30980392156862746,0.2760416666666667,-0.033762254901960775,13.856406460551018,-0.46782352694629953,0.46782352694629953
김하성,습함,51,202,62,0.30980392156862746,0.3069306930693069,-0.002873228499320535,14.212670403551895,-0.04083624965493479,0.04083624965493479
김헌곤,건조,27,92,29,0.29521276595744683,0.31521739130434784,0.020004625346901006,9.591663046625438,0.19187762570145697,0.19187762570145697
김헌곤,보통,34,125,34,0.29521276595744683,0.272,-0.023212765957446813,11.180339887498949,-0.25952661313322034,0.25952661313322034
김헌곤,습함,44,159,48,0.29521276595744683,0.3018867924528302,0.006674026495383345,12.609520212918492,0.08415627199508985,0.08415627199508985
김현수,건조,33,129,41,0.3132530120481928,0.3178294573643411,0.004576445316148314,11.357816691600547,0.05197842699994647,0.05197842699994647
김현수,보통,59,226,60,0.3132530120481928,0.26548672566371684,-0.04776628638447594,15.033296378372908,-0.7180847401120654,0.7180847401120654
김현수,습함,40,143,55,0.3132530120481928,0.38461538461538464,0.07136237256719186,11.958260743101398,0.8533698584048265,0.8533698584048265
김형준,습함,32,83,22,0.22429906542056074,0.26506024096385544,0.0407611755432947,9.1104335791443,0.37135198239502737,0.37135198239502737
김혜성,건조,20,56,14,0.2831858407079646,0.25,-0.0331858407079646,7.483314773547883,-0.2483400920425182,0.2483400920425182
김혜성,보통,39,131,34,0.2831858407079646,0.2595419847328244,-0.023643855975140182,11.445523142259598,-0.2706163007357198,0.2706163007357198
김혜성,습함,48,152,48,0.2831858407079646,0.3157894736842105,0.03260363297624591,12.328828005937952,0.4019645833328627,0.4019645833328627
김회성,보통,15,30,7,0.23076923076923078,0.23333333333333334,0.002564102564102555,5.477225575051661,0.014044168141158055,0.014044168141158055
김회성,습함,17,52,12,0.23076923076923078,0.23076923076923078,0.0,7.211102550927978,0.0,0.0
나종덕,보통,31,70,11,0.12290502793296089,0.15714285714285714,0.03423782920989625,8.366600265340756,0.28645423095220945,0.28645423095220945
나종덕,습함,40,87,9,0.12290502793296089,0.10344827586206896,-0.019456752070891925,9.327379053088816,-0.18148050170717978,0.18148050170717978
나주환,보통,35,104,23,0.2300469483568075,0.22115384615384615,-0.008893102202961356,10.198039027185569,-0.09069220333854987,0.09069220333854987
나주환,습함,36,92,24,0.2300469483568075,0.2608695652173913,0.030822616860583796,9.591663046625438,0.2956401551419558,0.2956401551419558
나지완,보통,13,34,7,0.18446601941747573,0.20588235294117646,0.02141633352370073,5.830951894845301,0.12487761054066171,0.12487761054066171
나지완,습함,19,48,10,0.18446601941747573,0.20833333333333334,0.023867313915857613,6.928203230275509,0.16535760136984431,0.16535760136984431
노수광,건조,12,46,10,0.2542857142857143,0.21739130434782608,-0.0368944099378882,6.782329983125268,-0.250230062731454,0.250230062731454
노수광,보통,35,118,26,0.2542857142857143,0.22033898305084745,-0.03394673123486683,10.862780491200215,-0.3687558897981284,0.3687558897981284
노수광,습함,51,186,53,0.2542857142857143,0.2849462365591398,0.030660522273425528,13.638181696985855,0.41815377368945916,0.41815377368945916
노시환,건조,12,37,8,0.18452380952380953,0.21621621621621623,0.031692406692406694,6.082762530298219,0.19277738392354396,0.19277738392354396
노시환,보통,23,66,13,0.18452380952380953,0.19696969696969696,0.012445887445887427,8.12403840463596,0.10111086759016602,0.10111086759016602
노시환,습함,31,65,10,0.18452380952380953,0.15384615384615385,-0.03067765567765568,8.06225774829855,-0.24733116718681447,0.24733116718681447
노진혁,건조,24,92,27,0.2710843373493976,0.29347826086956524,0.02239392352016767,9.591663046625438,0.2147949686973485,0.2147949686973485
노진혁,보통,28,100,31,0.2710843373493976,0.31,0.03891566265060242,10.0,0.38915662650602423,0.38915662650602423
노진혁,습함,47,140,32,0.2710843373493976,0.22857142857142856,-0.04251290877796901,11.832159566199232,-0.5030195202842014,0.5030195202842014
러프,건조,28,95,28,0.29398663697104677,0.29473684210526313,0.000750205134216364,9.746794344808963,0.007312095159626706,0.007312095159626706
러프,보통,39,143,46,0.29398663697104677,0.32167832167832167,0.0276916847072749,11.958260743101398,0.33114438614534675,0.33114438614534675
러프,습함,58,211,58,0.29398663697104677,0.27488151658767773,-0.019105120383369034,14.52583904633395,-0.27751790364965256,0.27751790364965256
로맥,건조,17,71,21,0.27564102564102566,0.29577464788732394,0.020133622246298277,8.426149773176359,0.1696489165238647,0.1696489165238647
로맥,보통,52,196,47,0.27564102564102566,0.23979591836734693,-0.035845107273678734,14.0,-0.5018315018315023,0.5018315018315023
로맥,습함,58,201,61,0.27564102564102566,0.3034825870646766,0.027841561423650962,14.177446878757825,0.3947222581054846,0.3947222581054846
로하스,건조,15,56,19,0.329938900203666,0.3392857142857143,0.009346814082048294,7.483314773547883,0.06994515190579739,0.06994515190579739
로하스,보통,58,214,73,0.329938900203666,0.3411214953271028,0.011182595123436778,14.628738838327793,0.1635872635955146,0.1635872635955146
로하스,습함,61,221,70,0.329938900203666,0.3167420814479638,-0.013196818755702222,14.866068747318506,-0.1961848148681715,0.1961848148681715
류승현,건조,11,37,11,0.2585034013605442,0.2972972972972973,0.03879389593675309,6.082762530298219,0.23597405660837,0.23597405660837
류승현,보통,23,54,12,0.2585034013605442,0.2222222222222222,-0.03628117913832202,7.3484692283495345,-0.26661112846619645,0.26661112846619645
류승현,습함,20,56,15,0.2585034013605442,0.26785714285714285,0.009353741496598622,7.483314773547883,0.06999699192944435,0.06999699192944435
류지혁,건조,22,72,20,0.2518518518518518,0.2777777777777778,0.025925925925925963,8.48528137423857,0.2199887763691484,0.2199887763691484
류지혁,보통,39,121,29,0.2518518518518518,0.2396694214876033,-0.012182430364248514,11.0,-0.13400673400673366,0.13400673400673366
류지혁,습함,29,77,19,0.2518518518518518,0.24675324675324675,-0.005098605098605075,8.774964387392123,-0.04474007816563543,0.04474007816563543
모창민,건조,12,45,18,0.2916666666666667,0.4,0.10833333333333334,6.708203932499369,0.7267220926874317,0.7267220926874317
모창민,보통,19,62,14,0.2916666666666667,0.22580645161290322,-0.06586021505376347,7.874007874011811,-0.5185838519174447,0.5185838519174447
모창민,습함,61,205,59,0.2916666666666667,0.28780487804878047,-0.0038617886178862193,14.317821063276353,-0.05529239841509219,0.05529239841509219
민병헌,보통,32,108,32,0.29673590504451036,0.2962962962962963,-0.000439608748214082,10.392304845413264,-0.004568548124151264,0.004568548124151264
민병헌,습함,54,202,59,0.29673590504451036,0.29207920792079206,-0.004656697123718301,14.212670403551895,-0.06618410138857633,0.06618410138857633
박건우,건조,34,121,44,0.3192488262910798,0.36363636363636365,0.044387537345283834,11.0,0.4882629107981222,0.4882629107981222
박건우,보통,45,172,51,0.3192488262910798,0.29651162790697677,-0.02273719838410304,13.114877048604,-0.29819556123722896,0.29819556123722896
박건우,습함,38,133,41,0.3192488262910798,0.3082706766917293,-0.010978149599350506,11.532562594670797,-0.12660619742816984,0.12660619742816984
박경수,건조,15,54,12,0.23785166240409208,0.2222222222222222,-0.015629440181869875,7.3484692283495345,-0.11485246023280053,0.11485246023280053
박경수,보통,57,174,37,0.23785166240409208,0.21264367816091953,-0.025207984243172554,13.19090595827292,-0.33251614954931474,0.33251614954931474
박경수,습함,55,163,44,0.23785166240409208,0.26993865030674846,0.03208698790265638,12.767145334803704,0.40965923790930225,0.40965923790930225
박계범,보통,15,40,9,0.25595238095238093,0.225,-0.030952380952380926,6.324555320336759,-0.19576004562947094,0.19576004562947094
박계범,습함,31,104,26,0.25595238095238093,0.25,-0.005952380952380931,10.198039027185569,-0.06070261325705674,0.06070261325705674
박동원,건조,23,71,25,0.29652996845425866,0.352112676056338,0.05558270760207934,8.426149773176359,0.4683482190537887,0.4683482190537887
박동원,보통,39,126,37,0.29652996845425866,0.29365079365079366,-0.002879174803465001,11.224972160321824,-0.032318657013594695,0.032318657013594695
박동원,습함,41,120,32,0.29652996845425866,0.26666666666666666,-0.029863301787592,10.954451150103322,-0.3271360806129698,0.3271360806129698
박민우,건조,22,96,30,0.344017094017094,0.3125,-0.031517094017094016,9.797958971132712,-0.3088031940688194,0.3088031940688194
박민우,보통,37,137,51,0.344017094017094,0.3722627737226277,0.02824567970553371,11.704699910719626,0.33060720472757554,0.33060720472757554
박민우,습함,65,235,80,0.344017094017094,0.3404255319148936,-0.0035915621022004074,15.329709716755891,-0.055057604456433804,0.055057604456433804
박병호,건조,27,86,26,0.28,0.3023255813953488,0.022325581395348792,9.273618495495704,0.20703892455060136,0.20703892455060136
박병호,보통,45,165,41,0.28,0.24848484848484848,-0.03151515151515155,12.84523257866513,-0.4048194509639924,0.4048194509639924
박병호,습함,42,149,45,0.28,0.30201342281879195,0.022013422818791928,12.206555615733702,0.26870806993024504,0.26870806993024504
박석민,건조,21,74,20,0.2614942528735632,0.2702702702702703,0.008776017396707081,8.602325267042627,0.07549415619569898,0.07549415619569898
박석민,보통,29,104,33,0.2614942528735632,0.3173076923076923,0.055813439434129086,10.198039027185569,0.5691876335907065,0.5691876335907065
박석민,습함,57,170,38,0.2614942528735632,0.2235294117647059,-0.03796484110885731,13.038404810405298,-0.495000966939998,0.495000966939998
박세혁,건조,33,109,33,0.27951807228915665,0.30275229357798167,0.02323422128882502,10.44030650891055,0.24257239175118792,0.24257239175118792
박세혁,보통,48,165,47,0.27951807228915665,0.28484848484848485,0.0053304125593282015,12.84523257866513,0.06847038906480839,0.06847038906480839
박세혁,습함,44,141,36,0.27951807228915665,0.2553191489361702,-0.024198923352986457,11.874342087037917,-0.2873462940313718,0.2873462940313718
박승욱,보통,34,83,19,0.23318385650224216,0.2289156626506024,-0.004268193851639762,9.1104335791443,-0.03888509658827613,0.03888509658827613
박승욱,습함,54,131,31,0.23318385650224216,0.2366412213740458,0.0034573648718036476,11.445523142259598,0.039571349651464034,0.039571349651464034
박용택,건조,12,47,10,0.2754491017964072,0.2127659574468085,-0.06268314434959868,6.855654600401044,-0.4297339869279289,0.4297339869279289
박용택,보통,22,57,16,0.2754491017964072,0.2807017543859649,0.005252652589557705,7.54983443527075,0.03965665739715683,0.03965665739715683
박용택,습함,19,63,20,0.2754491017964072,0.31746031746031744,0.04201121566391025,7.937253933193772,0.33345368676662346,0.33345368676662346
박찬호,건조,16,57,19,0.25992063492063494,0.3333333333333333,0.07341269841269837,7.54983443527075,0.5542537184623365,0.5542537184623365
박찬호,보통,43,160,35,0.25992063492063494,0.21875,-0.04117063492063494,12.649110640673518,-0.5207719162578881,0.5207719162578881
박찬호,습함,74,287,77,0.25992063492063494,0.2682926829268293,0.008372048006194344,16.941074346097416,0.14183148770203502,0.14183148770203502
박해민,건조,31,117,25,0.24324324324324326,0.21367521367521367,-0.02956802956802959,10.816653826391969,-0.31982714016589814,0.31982714016589814
박해민,보통,43,156,38,0.24324324324324326,0.24358974358974358,0.000346500346500328,12.489995996796797,0.0043277879406778,0.0043277879406778
박해민,습함,59,208,54,0.24324324324324326,0.25961538461538464,0.01637214137214138,14.422205101855956,0.23612238082560438,0.23612238082560438
베탄코트,건조,20,79,13,0.24736842105263157,0.16455696202531644,-0.08281145902731513,8.888194417315589,-0.7360443478163409,0.7360443478163409
베탄코트,보통,20,76,26,0.24736842105263157,0.34210526315789475,0.09473684210526317,8.717797887081348,0.8258966419340226,0.8258966419340226
베탄코트,습함,10,35,8,0.24736842105263157,0.22857142857142856,-0.018796992481203006,5.916079783099616,-0.1112045072011206,0.1112045072011206
샌즈,건조,32,129,41,0.30522088353413657,0.3178294573643411,0.012608573830204528,11.357816691600547,0.14320587030597484,0.14320587030597484
샌즈,보통,50,188,62,0.30522088353413657,0.32978723404255317,0.0245663505084166,13.711309200802088,0.33683682775618157,0.33683682775618157
샌즈,습함,49,181,49,0.30522088353413657,0.27071823204419887,-0.0345026514899377,13.45362404707371,-0.46418570177282936,0.46418570177282936
서건창,건조,28,103,34,0.3055555555555556,0.3300970873786408,0.024541531823085216,10.14889156509222,0.24906934531375183,0.24906934531375183
서건창,보통,41,167,56,0.3055555555555556,0.33532934131736525,0.029773785761809668,12.922847983320086,0.38476210728780635,0.38476210728780635
서건창,습함,36,126,31,0.3055555555555556,0.24603174603174602,-0.05952380952380956,11.224972160321824,-0.6681531047810614,0.6681531047810614
손시헌,건조,14,43,15,0.2698412698412698,0.3488372093023256,0.07899593946105576,6.557438524302,0.5180110166853557,0.5180110166853557
손시헌,습함,25,55,11,0.2698412698412698,0.2,-0.06984126984126982,7.416198487095663,-0.5179567197336652,0.5179567197336652
손아섭,건조,18,81,23,0.2925311203319502,0.2839506172839506,-0.008580503047999621,9.0,-0.07722452743199659,0.07722452743199659
손아섭,보통,44,166,43,0.2925311203319502,0.25903614457831325,-0.03349497575363697,12.884098726725126,-0.43155257445912304,0.43155257445912304
손아섭,습함,63,235,75,0.2925311203319502,0.3191489361702128,0.02661781583826256,15.329709716755891,0.4080433900946324,0.4080433900946324
송광민,건조,20,74,20,0.26730310262529833,0.2702702702702703,0.0029671676449719575,8.602325267042627,0.025524541203893636,0.025524541203893636
송광민,보통,35,126,33,0.26730310262529833,0.2619047619047619,-0.00539834072053641,11.224972160321824,-0.06059622429995286,0.06059622429995286
송광민,습함,59,219,59,0.26730310262529833,0.2694063926940639,0.0021032900687655842,14.798648586948742,0.031125850604081136,0.031125850604081136
송성문,건조,21,77,22,0.23693379790940766,0.2857142857142857,0.04878048780487804,8.774964387392123,0.4280470432874205,0.4280470432874205
송성문,보통,30,86,18,0.23693379790940766,0.20930232558139536,-0.027631472328012302,9.273618495495704,-0.2562437328388326,0.2562437328388326
송성문,습함,37,124,28,0.23693379790940766,0.22580645161290322,-0.011127346296504442,11.135528725660043,-0.12390888432509212,0.12390888432509212
스몰린스키,보통,12,47,10,0.22926829268292684,0.2127659574468085,-0.016502335236118326,6.855654600401044,-0.11313431047885485,0.11313431047885485
스몰린스키,습함,43,158,37,0.22926829268292684,0.23417721518987342,0.004908922506946578,12.569805089976535,0.061704199114117474,0.061704199114117474
신본기,건조,19,68,22,0.24786324786324787,0.3235294117647059,0.07566616390145803,8.246211251235321,0.6239591721020191,0.6239591721020191
신본기,보통,39,126,31,0.24786324786324787,0.24603174603174602,-0.0018315018315018528,11.224972160321824,-0.02055855707018673,0.02055855707018673
신본기,습함,52,157,34,0.24786324786324787,0.21656050955414013,-0.031302738309107736,12.529964086141668,-0.3922221868110109,0.3922221868110109
심우준,건조,11,31,6,0.28,0.1935483870967742,-0.08645161290322584,5.5677643628300215,-0.4813422094317569,0.4813422094317569
심우준,보통,50,155,44,0.28,0.2838709677419355,0.0038709677419354604,12.449899597988733,0.04819315973414964,0.04819315973414964
심우준,습함,59,189,55,0.28,0.291005291005291,0.011005291005290962,13.74772708486752,0.15129773723028747,0.15129773723028747
아수아헤,건조,11,37,8,0.23529411764705882,0.21621621621621623,-0.019077901430842592,6.082762530298219,-0.1160463439802521,0.1160463439802521
아수아헤,보통,22,73,15,0.23529411764705882,0.2054794520547945,-0.02981466559226431,8.54400374531753,-0.25473661448569596,0.25473661448569596
안상현,보통,18,44,10,0.24,0.22727272727272727,-0.012727272727272726,6.6332495807108,-0.0844231764817738,0.0844231764817738
안상현,습함,17,36,9,0.24,0.25,0.010000000000000009,6.0,0.06000000000000005,0.06000000000000005
안중열,보통,24,54,9,0.19696969696969696,0.16666666666666666,-0.030303030303030304,7.3484692283495345,-0.22268088570756167,0.22268088570756167
안중열,습함,26,58,14,0.19696969696969696,0.2413793103448276,0.044409613375130635,7.615773105863909,0.338213539184134,0.338213539184134
안치홍,건조,14,56,19,0.3153153153153153,0.3392857142857143,0.023970398970398987,7.483314773547883,0.1793780407430237,0.1793780407430237
안치홍,보통,31,120,40,0.3153153153153153,0.3333333333333333,0.018018018018018,10.954451150103322,0.19737749820005968,0.19737749820005968
안치홍,습함,50,157,46,0.3153153153153153,0.2929936305732484,-0.022321684742066916,12.529964086141668,-0.2796899081602749,0.2796899081602749
양성우,보통,16,41,7,0.1743119266055046,0.17073170731707318,-0.0035802192884314132,6.4031242374328485,-0.02292458890107977,0.02292458890107977
양성우,습함,21,41,7,0.1743119266055046,0.17073170731707318,-0.0035802192884314132,6.4031242374328485,-0.02292458890107977,0.02292458890107977
양의지,건조,25,86,31,0.35149863760217986,0.36046511627906974,0.008966478676889877,9.273618495495704,0.08315170249747382,0.08315170249747382
양의지,보통,33,121,45,0.35149863760217986,0.371900826446281,0.02040218884410111,11.0,0.2244240772851122,0.2244240772851122
양의지,습함,50,160,53,0.35149863760217986,0.33125,-0.020248637602179875,12.649110640673518,-0.2561272573528754,0.2561272573528754
오선진,건조,22,85,27,0.22193211488250653,0.3176470588235294,0.09571494394102287,9.219544457292887,0.8824481808915567,0.8824481808915567
오선진,보통,36,120,27,0.22193211488250653,0.225,0.0030678851174934796,10.954451150103322,0.033606997653711314,0.033606997653711314
오선진,습함,56,178,31,0.22193211488250653,0.17415730337078653,-0.04777481151172,13.341664064126334,-0.6373954859163238,0.6373954859163238
오윤석,건조,16,53,12,0.2198952879581152,0.22641509433962265,0.006519806381507454,7.280109889280518,0.04746490691420664,0.04746490691420664
오윤석,보통,28,83,24,0.2198952879581152,0.2891566265060241,0.06926133854790889,9.1104335791443,0.6310008244433506,0.6310008244433506
오윤석,습함,18,55,6,0.2198952879581152,0.10909090909090909,-0.11080437886720611,7.416198487095663,-0.8217472669185486,0.8217472669185486
오재원,건조,22,63,9,0.17105263157894737,0.14285714285714285,-0.028195488721804524,7.937253933193772,-0.2237947537554636,0.2237947537554636
오재원,보통,21,49,9,0.17105263157894737,0.1836734693877551,0.012620837808807739,7.0,0.08834586466165417,0.08834586466165417
오재원,습함,21,40,8,0.17105263157894737,0.2,0.02894736842105264,6.324555320336759,0.18307923295711676,0.18307923295711676
오재일,건조,28,106,30,0.2962962962962963,0.2830188679245283,-0.013277428371767985,10.295630140987,-0.13669949173917043,0.13669949173917043
오재일,보통,44,165,46,0.2962962962962963,0.2787878787878788,-0.017508417508417473,12.84523257866513,-0.22489969497999507,0.22489969497999507
오재일,습함,43,161,52,0.2962962962962963,0.32298136645962733,0.02668507016333105,12.68857754044952,0.33859558193976197,0.33859558193976197
오지환,건조,32,110,30,0.26018099547511314,0.2727272727272727,0.012546277252159566,10.488088481701515,0.13158646593660847,0.13158646593660847
오지환,보통,51,189,52,0.26018099547511314,0.2751322751322751,0.014951279657161975,13.74772708486752,0.20554611229619446,0.20554611229619446
오지환,습함,41,143,33,0.26018099547511314,0.23076923076923078,-0.02941176470588236,11.958260743101398,-0.3517135512676883,0.3517135512676883
오태곤,건조,14,40,10,0.2537764350453172,0.25,-0.003776435045317217,6.324555320336759,-0.023884272357767192,0.023884272357767192
오태곤,보통,45,150,33,0.2537764350453172,0.22,-0.033776435045317216,12.24744871391589,-0.41367515595643395,0.41367515595643395
오태곤,습함,45,141,41,0.2537764350453172,0.2907801418439716,0.03700370679865439,11.874342087037917,0.4393946730156729,0.4393946730156729
윌리엄슨,보통,13,51,12,0.2727272727272727,0.23529411764705882,-0.03743315508021389,7.14142842854285,-0.2673261978598927,0.2673261978598927
윌리엄슨,습함,27,103,30,0.2727272727272727,0.2912621359223301,0.01853486319505737,10.14889156509222,0.18810831674045597,0.18810831674045597
윌슨,보통,18,62,16,0.2510822510822511,0.25806451612903225,0.0069822650467811775,7.874007874011811,0.054978409956792436,0.054978409956792436
윌슨,습함,47,159,40,0.2510822510822511,0.25157232704402516,0.0004900759617740835,12.609520212918492,0.0061796227458557765,0.0061796227458557765
유강남,건조,29,94,26,0.27040816326530615,0.2765957446808511,0.006187581415544929,9.695359714832659,0.05999082758852155,0.05999082758852155
유강남,보통,55,177,45,0.27040816326530615,0.2542372881355932,-0.016170875129712936,13.30413469565007,-0.2151395008722387,0.2151395008722387
유강남,습함,38,121,35,0.27040816326530615,0.2892561983471074,0.018848035081801273,11.0,0.207328385899814,0.207328385899814
유민상,보통,18,54,12,0.2914285714285714,0.2222222222222222,-0.06920634920634922,7.3484692283495345,-0.5085607275492694,0.5085607275492694
유민상,습함,40,121,39,0.2914285714285714,0.32231404958677684,0.030885478158205415,11.0,0.33974025974025956,0.33974025974025956
유한준,건조,15,57,19,0.3169164882226981,0.3333333333333333,0.016416845110635236,7.54983443527075,0.12394446253478016,0.12394446253478016
유한준,보통,58,206,66,0.3169164882226981,0.32038834951456313,0.0034718612918650527,14.352700094407323,0.049830583891520674,0.049830583891520674
유한준,습함,57,204,63,0.3169164882226981,0.3088235294117647,-0.00809295881093336,14.2828568570857,-0.11559057224685167,0.11559057224685167
윤석민,건조,12,35,10,0.2246376811594203,0.2857142857142857,0.06107660455486541,5.916079783099616,0.3613340654274092,0.3613340654274092
윤석민,보통,17,48,9,0.2246376811594203,0.1875,-0.03713768115942029,6.928203230275509,-0.25729740257363753,0.25729740257363753
윤석민,습함,23,55,12,0.2246376811594203,0.21818181818181817,-0.006455862977602117,7.416198487095663,-0.04787796124738972,0.04787796124738972
이대호,건조,19,77,31,0.28728070175438597,0.4025974025974026,0.11531670084301665,8.774964387392123,1.0118999431690223,1.0118999431690223
이대호,보통,51,187,58,0.28728070175438597,0.31016042780748665,0.02287972605310068,13.674794331177344,0.31287554812983176,0.31287554812983176
이대호,습함,56,192,42,0.28728070175438597,0.21875,-0.06853070175438597,13.856406460551018,-0.9495892585355687,0.9495892585355687
이명기,건조,18,59,17,0.2853982300884956,0.288135593220339,0.0027373631318434177,7.681145747868608,0.021026085180531364,0.021026085180531364
이명기,보통,37,122,35,0.2853982300884956,0.28688524590163933,0.001487015813143755,11.045361017187261,0.016424626494439046,0.016424626494439046
이명기,습함,70,271,77,0.2853982300884956,0.28413284132841327,-0.0012653887600823088,16.46207763315433,-0.020830928004595867,0.020830928004595867
이상호,건조,18,54,15,0.2676767676767677,0.2777777777777778,0.01010101010101011,7.3484692283495345,0.07422696190252062,0.07422696190252062
이상호,보통,26,61,15,0.2676767676767677,0.2459016393442623,-0.02177512833250539,7.810249675906654,-0.170069189001776,0.170069189001776
이상호,습함,31,83,23,0.2676767676767677,0.27710843373493976,0.009431666058172083,9.1104335791443,0.0859265671636465,0.0859265671636465
이성열,건조,15,58,14,0.24615384615384617,0.2413793103448276,-0.004774535809018571,7.615773105863909,-0.03636178140730781,0.03636178140730781
이성열,보통,43,141,37,0.24615384615384617,0.2624113475177305,0.01625750136388432,11.874342087037917,0.1930471326752479,0.1930471326752479
이성열,습함,61,191,45,0.24615384615384617,0.2356020942408377,-0.010551751913008472,13.820274961085254,-0.14582811275893443,0.14582811275893443
이우성,습함,38,107,24,0.2185430463576159,0.22429906542056074,0.005756019062944845,10.344080432788601,0.059540724159765954,0.059540724159765954
이원석,건조,20,66,17,0.24479166666666666,0.25757575757575757,0.012784090909090912,8.12403840463596,0.10385844551381201,0.10385844551381201
이원석,보통,35,123,24,0.24479166666666666,0.1951219512195122,-0.049669715447154456,11.090536506409418,-0.5508637924296342,0.5508637924296342
이원석,습함,55,195,53,0.24479166666666666,0.2717948717948718,0.027003205128205116,13.96424004376894,0.3770792383613887,0.3770792383613887
이원재,건조,14,36,9,0.2510460251046025,0.25,-0.0010460251046024993,6.0,-0.006276150627614996,0.006276150627614996
이원재,보통,21,64,15,0.2510460251046025,0.234375,-0.0166710251046025,8.0,-0.13336820083682,0.13336820083682
이원재,습함,45,139,36,0.2510460251046025,0.2589928057553957,0.007946780650793184,11.789826122551595,0.09369116210690905,0.09369116210690905
이재원,건조,17,55,12,0.2668269230769231,0.21818181818181817,-0.0486451048951049,7.416198487095663,-0.3607617533276868,0.3607617533276868
이재원,보통,52,170,49,0.2668269230769231,0.28823529411764703,0.02140837104072396,13.038404810405298,0.27913100796031676,0.27913100796031676
이재원,습함,58,191,50,0.2668269230769231,0.2617801047120419,-0.005046818364881189,13.820274961085254,-0.06974841748131272,0.06974841748131272
이정후,건조,33,141,49,0.3425414364640884,0.3475177304964539,0.004976294032365491,11.874342087037917,0.05909021766599318,0.05909021766599318
이정후,보통,47,194,64,0.3425414364640884,0.32989690721649484,-0.012644529247593572,13.92838827718412,-0.17611791294269405,0.17611791294269405
이정후,습함,52,208,73,0.3425414364640884,0.35096153846153844,0.008420101997450025,14.422205101855956,0.12143643798577128,0.12143643798577128
이지영,건조,22,75,23,0.27526132404181186,0.30666666666666664,0.03140534262485478,8.660254037844387,0.27197824527678505,0.27197824527678505
이지영,보통,33,98,22,0.27526132404181186,0.22448979591836735,-0.050771528123444515,9.899494936611665,-0.5026124855820757,0.5026124855820757
이지영,습함,41,114,34,0.27526132404181186,0.2982456140350877,0.02298428999327584,10.677078252031311,0.24540506282558638,0.24540506282558638
이창진,건조,18,56,20,0.2706766917293233,0.35714285714285715,0.08646616541353386,7.483314773547883,0.6470535330511329,0.6470535330511329
이창진,보통,38,131,40,0.2706766917293233,0.3053435114503817,0.034666819721058395,11.445523142259598,0.39677988738591524,0.39677988738591524
이창진,습함,65,212,48,0.2706766917293233,0.22641509433962265,-0.044261597389700646,14.560219778561036,-0.6444585857442249,0.6444585857442249
이천웅,건조,32,121,36,0.308411214953271,0.2975206611570248,-0.010890553796246205,11.0,-0.11979609175870826,0.11979609175870826
이천웅,보통,59,237,63,0.308411214953271,0.26582278481012656,-0.04258843014314445,15.394804318340652,-0.6556405482790294,0.6556405482790294
이천웅,습함,41,177,66,0.308411214953271,0.3728813559322034,0.06447014097893239,13.30413469565007,0.8577194394312658,0.8577194394312658
이학주,건조,27,87,23,0.2659279778393352,0.26436781609195403,-0.0015601617473811613,9.327379053088816,-0.014552220001953489,0.014552220001953489
이학주,보통,36,117,29,0.2659279778393352,0.24786324786324787,-0.018064729976087324,10.816653826391969,-0.19539993061858266,0.19539993061858266
이학주,습함,45,157,44,0.2659279778393352,0.2802547770700637,0.014326799230728493,12.529964086141668,0.1795142798303901,0.1795142798303901
이형종,건조,25,86,21,0.28974358974358977,0.2441860465116279,-0.04555754323196187,9.273618495495704,-0.42248327552526677,0.42248327552526677
이형종,보통,50,184,61,0.28974358974358977,0.33152173913043476,0.04177814938684499,13.564659966250536,0.5667063904517706,0.5667063904517706
이형종,습함,35,120,31,0.28974358974358977,0.25833333333333336,-0.03141025641025641,10.954451150103322,-0.3440821194583736,0.3440821194583736
임병욱,건조,23,83,25,0.2471590909090909,0.30120481927710846,0.05404572836801755,9.1104335791443,0.4923800185332987,0.4923800185332987
임병욱,보통,39,133,30,0.2471590909090909,0.22556390977443608,-0.021595181134654834,11.532562594670797,-0.24904777817866078,0.24904777817866078
임병욱,습함,40,136,32,0.2471590909090909,0.23529411764705882,-0.011864973262032091,11.661903789690601,-0.1383681766490697,0.1383681766490697
장성우,건조,10,34,8,0.25588235294117645,0.23529411764705882,-0.02058823529411763,5.830951894845301,-0.12004900959975609,0.12004900959975609
장성우,보통,46,144,36,0.25588235294117645,0.25,-0.00588235294117645,12.0,-0.0705882352941174,0.0705882352941174
장성우,습함,57,162,43,0.25588235294117645,0.2654320987654321,0.009549745824255662,12.727922061357855,0.1215484205569037,0.1215484205569037
장영석,건조,31,121,31,0.24858757062146894,0.256198347107438,0.007610776485969056,11.0,0.08371854134565962,0.08371854134565962
장영석,보통,41,130,29,0.24858757062146894,0.2230769230769231,-0.02551064754454585,11.40175425099138,-0.2908661340865684,0.2908661340865684
장영석,습함,32,103,28,0.24858757062146894,0.27184466019417475,0.023257089572705808,10.14889156509222,0.23603368019302817,0.23603368019302817
장진혁,보통,33,108,31,0.25732899022801303,0.28703703703703703,0.029708046809024002,10.392304845413264,0.30873507880118417,0.30873507880118417
장진혁,습함,58,177,44,0.25732899022801303,0.24858757062146894,-0.008741419606544093,13.30413469565007,-0.11629702387665905,0.11629702387665905
전준우,건조,19,78,31,0.30214424951267055,0.3974358974358974,0.09529164792322686,8.831760866327848,0.8415930470162464,0.8415930470162464
전준우,보통,53,198,60,0.30214424951267055,0.30303030303030304,0.0008860535176324902,14.071247279470288,0.012467878149451257,0.012467878149451257
전준우,습함,61,237,64,0.30214424951267055,0.270042194092827,-0.03210205541984357,15.394804318340652,-0.4942048614050187,0.4942048614050187
정근우,보통,20,63,23,0.2845849802371542,0.36507936507936506,0.08049438484221089,7.937253933193772,0.6389043726888515,0.6389043726888515
정근우,습함,52,163,46,0.2845849802371542,0.2822085889570552,-0.0023763912800989773,12.767145334803704,-0.03033973284538386,0.03033973284538386
정수빈,건조,23,83,19,0.26150121065375304,0.2289156626506024,-0.03258554800315064,9.1104335791443,-0.29686847072272204,0.29686847072272204
정수빈,보통,45,162,45,0.26150121065375304,0.2777777777777778,0.016276567124024754,12.727922061357855,0.20716687778104664,0.20716687778104664
정수빈,습함,44,168,44,0.26150121065375304,0.2619047619047619,0.00040355125100888234,12.96148139681572,0.00523062203261334,0.00523062203261334
정은원,건조,22,93,30,0.26119402985074625,0.3225806451612903,0.06138661531054407,9.643650760992955,0.5919910794543101,0.5919910794543101
정은원,보통,47,193,47,0.26119402985074625,0.24352331606217617,-0.017670713788570075,13.892443989449804,-0.2454894015613081,0.2454894015613081
정은원,습함,65,250,63,0.26119402985074625,0.252,-0.009194029850746244,15.811388300841896,-0.14537037601968034,0.14537037601968034
정의윤,건조,12,48,14,0.28370786516853935,0.2916666666666667,0.007958801498127333,6.928203230275509,0.05514019424844734,0.05514019424844734
정의윤,보통,38,136,43,0.28370786516853935,0.3161764705882353,0.03246860541969593,11.661903789690601,0.3786457525899207,0.3786457525899207
정의윤,습함,49,172,44,0.28370786516853935,0.2558139534883721,-0.02789391168016725,13.114877048604,-0.3658252220900125,0.3658252220900125
정주현,건조,28,87,18,0.23512747875354106,0.20689655172413793,-0.028230927029403136,9.327379053088816,-0.26332055742333366,0.26332055742333366
정주현,보통,53,154,34,0.23512747875354106,0.22077922077922077,-0.014348257974320294,12.409673645990857,-0.1780571988498007,0.1780571988498007
정주현,습함,39,112,31,0.23512747875354106,0.2767857142857143,0.04165823553217324,10.583005244258363,0.44086932510353943,0.44086932510353943
정훈,건조,13,38,14,0.23118279569892472,0.3684210526315789,0.1372382569326542,6.164414002968976,0.8459934327787078,0.8459934327787078
정훈,보통,26,65,12,0.23118279569892472,0.18461538461538463,-0.046567411083540095,8.06225774829855,-0.37543847082647486,0.37543847082647486
정훈,습함,33,83,17,0.23118279569892472,0.20481927710843373,-0.026363518590490992,9.1104335791443,-0.2401830850312041,0.2401830850312041
조셉,건조,19,73,16,0.2774566473988439,0.2191780821917808,-0.05827856520706309,8.54400374531753,-0.497932279400879,0.497932279400879
조셉,보통,19,63,22,0.2774566473988439,0.3492063492063492,0.07174970180750528,7.937253933193772,0.5694956028771017,0.5694956028771017
조셉,습함,9,37,10,0.2774566473988439,0.2702702702702703,-0.007186377128573618,6.082762530298219,-0.04371302552627971,0.04371302552627971
조용호,보통,29,72,22,0.2925531914893617,0.3055555555555556,0.013002364066193872,8.48528137423857,0.11032871763194374,0.11032871763194374
조용호,습함,44,116,33,0.2925531914893617,0.28448275862068967,-0.00807043286867204,10.770329614269007,-0.08692122212542845,0.08692122212542845
지석훈,보통,17,36,7,0.2459016393442623,0.19444444444444445,-0.05145719489981784,6.0,-0.30874316939890706,0.30874316939890706
지석훈,습함,23,60,14,0.2459016393442623,0.23333333333333334,-0.012568306010928953,7.745966692414834,-0.09735367974073282,0.09735367974073282
채은성,건조,30,106,30,0.3150684931506849,0.2830188679245283,-0.03204962522615662,10.295630140987,-0.32997108748575543,0.32997108748575543
채은성,보통,53,197,68,0.3150684931506849,0.34517766497461927,0.030109171823934355,14.035668847618199,0.42260236499677906,0.42260236499677906
채은성,습함,36,135,40,0.3150684931506849,0.2962962962962963,-0.018772196854388634,11.61895003862225,-0.2181132173663233,0.2181132173663233
채태인,보통,25,76,24,0.2602739726027397,0.3157894736842105,0.0555155010814708,8.717797887081348,0.4839729180283084,0.4839729180283084
채태인,습함,15,46,10,0.2602739726027397,0.21739130434782608,-0.04288266825491363,6.782329983125268,-0.29084440666171485,0.29084440666171485
최영진,건조,25,84,22,0.251063829787234,0.2619047619047619,0.010840932117527902,9.16515138991168,0.09935878406489902,0.09935878406489902
최영진,보통,24,74,18,0.251063829787234,0.24324324324324326,-0.00782058654399076,8.602325267042627,-0.06727522923046528,0.06727522923046528
최영진,습함,30,77,19,0.251063829787234,0.24675324675324675,-0.004310583033987264,8.774964387392123,-0.03782521261213493,0.03782521261213493
최원준,건조,9,33,8,0.2048780487804878,0.24242424242424243,0.03754619364375464,5.744562646538029,0.21568646152559645,0.21568646152559645
최원준,보통,27,81,20,0.2048780487804878,0.24691358024691357,0.042035531466425774,9.0,0.378319783197832,0.378319783197832
최원준,습함,32,91,14,0.2048780487804878,0.15384615384615385,-0.05103189493433394,9.539392014169456,-0.4868132510045199,0.4868132510045199
최재훈,건조,21,64,17,0.28125,0.265625,-0.015625,8.0,-0.125,0.125
최재훈,보통,41,114,26,0.28125,0.22807017543859648,-0.05317982456140352,10.677078252031311,-0.567805148271402,0.567805148271402
최재훈,습함,62,174,56,0.28125,0.3218390804597701,0.04058908045977011,13.19090595827292,0.5354067432776005,0.5354067432776005
최정,건조,17,68,21,0.30638297872340425,0.3088235294117647,0.0024405506883604655,8.246211251235321,0.02012529654556818,0.02012529654556818
최정,보통,52,181,62,0.30638297872340425,0.3425414364640884,0.03615845774068416,13.45362404707371,0.48646229656516693,0.48646229656516693
최정,습함,61,221,61,0.30638297872340425,0.27601809954751133,-0.030364879175892923,14.866068747318506,-0.4514063813328443,0.4514063813328443
최주환,보통,38,125,40,0.2815884476534296,0.32,0.0384115523465704,11.180339887498949,0.4294542108411149,0.4294542108411149
최주환,습함,36,124,28,0.2815884476534296,0.22580645161290322,-0.05578199604052639,11.135528725660043,-0.6211620192839363,0.6211620192839363
최진행,보통,20,53,10,0.23076923076923078,0.18867924528301888,-0.0420899854862119,7.280109889280518,-0.30641971957784475,0.30641971957784475
최진행,습함,15,36,10,0.23076923076923078,0.2777777777777778,0.04700854700854701,6.0,0.28205128205128205,0.28205128205128205
최항,보통,16,40,9,0.2336448598130841,0.225,-0.008644859813084105,6.324555320336759,-0.054674894124406515,0.054674894124406515
최항,습함,15,40,12,0.2336448598130841,0.3,0.06635514018691588,6.324555320336759,0.4196667549008503,0.4196667549008503
최형우,건조,18,62,19,0.3044496487119438,0.3064516129032258,0.002001964191282013,7.874007874011811,0.01576348180564426,0.01576348180564426
최형우,보통,40,142,45,0.3044496487119438,0.31690140845070425,0.012451759738760448,11.916375287812984,0.14837984204074967,0.14837984204074967
최형우,습함,69,223,66,0.3044496487119438,0.29596412556053814,-0.00848552315140566,14.933184523068078,-0.12671588299470687,0.12671588299470687
터커,보통,29,116,35,0.31092436974789917,0.3017241379310345,-0.00920023181686469,10.770329614269007,-0.09908952919531773,0.09908952919531773
터커,습함,62,229,72,0.31092436974789917,0.314410480349345,0.0034861106014458243,15.132745950421556,0.052754426086750954,0.052754426086750954
페게로,보통,24,94,29,0.2864321608040201,0.30851063829787234,0.022078477493852222,9.695359714832659,0.21405878125873434,0.21405878125873434
페게로,습함,28,105,28,0.2864321608040201,0.26666666666666666,-0.019765494137353457,10.246950765959598,-0.20253604529032396,0.20253604529032396
페르난데스,건조,35,145,53,0.3407821229050279,0.36551724137931035,0.024735118474282447,12.041594578792296,0.2978502685257047,0.2978502685257047
페르난데스,보통,52,209,75,0.3407821229050279,0.3588516746411483,0.018069551736120404,14.45683229480096,0.26122847909132224,0.26122847909132224
페르난데스,습함,47,183,55,0.3407821229050279,0.3005464480874317,-0.04023567481759621,13.527749258468683,-0.5442981201777242,0.5442981201777242
한동민,건조,14,53,18,0.26666666666666666,0.33962264150943394,0.07295597484276728,7.280109889280518,0.5311275139349307,0.5311275139349307
한동민,보통,45,163,39,0.26666666666666666,0.2392638036809816,-0.02740286298568506,12.767145334803704,-0.34985633432795415,0.34985633432795415
한동민,습함,53,174,47,0.26666666666666666,0.27011494252873564,0.0034482758620689724,13.19090595827292,0.045485882614734297,0.045485882614734297
한동희,보통,19,59,14,0.21739130434782608,0.23728813559322035,0.019896831245394264,7.681145747868608,0.1528304607166194,0.1528304607166194
한동희,습함,27,80,15,0.21739130434782608,0.1875,-0.02989130434782608,8.94427190999916,-0.2673559538314966,0.2673559538314966
한승택,건조,12,38,10,0.22540983606557377,0.2631578947368421,0.03774805867126832,6.164414002968976,0.23269466145806092,0.23269466145806092
한승택,보통,30,87,21,0.22540983606557377,0.2413793103448276,0.015969474279253826,9.327379053088816,0.14895333988115275,0.14895333988115275
한승택,습함,48,119,24,0.22540983606557377,0.20168067226890757,-0.023729163796666203,10.908712114635714,-0.25885461657886777,0.25885461657886777
허경민,건조,33,119,32,0.2958715596330275,0.2689075630252101,-0.026963996607817453,10.908712114635714,-0.29414247645469455,0.29414247645469455
허경민,보통,44,158,48,0.2958715596330275,0.3037974683544304,0.007925908721402863,12.569805089976535,0.09962712778897913,0.09962712778897913
허경민,습함,43,159,49,0.2958715596330275,0.3081761006289308,0.01230454099590328,12.609520212918492,0.15515435839852662,0.15515435839852662
허일,보통,30,68,19,0.2550335570469799,0.27941176470588236,0.024378207658902473,8.246211251235321,0.20102785028179265,0.20102785028179265
허일,습함,25,55,13,0.2550335570469799,0.23636363636363636,-0.018669920683343527,7.416198487095663,-0.1384598375260083,0.1384598375260083
호잉,건조,22,84,18,0.28153153153153154,0.21428571428571427,-0.06724581724581727,9.16515138991168,-0.6163180953962489,0.6163180953962489
호잉,보통,42,163,52,0.28153153153153154,0.31901840490797545,0.03748687337644391,12.767145334803704,0.478600360544443,0.478600360544443
호잉,습함,52,197,55,0.28153153153153154,0.27918781725888325,-0.0023437142726482896,14.035668847618199,-0.032895597404327744,0.032895597404327744
황윤호,습함,26,77,27,0.3130434782608696,0.35064935064935066,0.037605872388481065,8.774964387392123,0.32999019096573406,0.32999019096573406
황재균,건조,14,56,16,0.288135593220339,0.2857142857142857,-0.002421307506053294,7.483314773547883,-0.018119406231350995,0.018119406231350995
황재균,보통,54,184,52,0.288135593220339,0.2826086956521739,-0.005526897568165101,13.564659966250536,-0.0749704861804566,0.0749704861804566
황재균,습함,48,173,51,0.288135593220339,0.2947976878612717,0.006662094640932703,13.152946437965905,0.08762617397684755,0.08762617397684755
