player_name,rain_group,games,AB,H,season_avg,weather_avg,weather_diff,sample_weight,signal_score,signal_strength
강경학,비,16,41,8,0.23893805309734514,0.1951219512195122,-0.04381610187783294,6.4031242374328485,-0.28055994392377903,0.28055994392377903
강경학,비없음,29,72,19,0.23893805309734514,0.2638888888888889,0.024950835791543752,8.48528137423857,0.21171486221367125,0.21171486221367125
강로한,비,25,65,13,0.23958333333333334,0.2,-0.03958333333333333,8.06225774829855,-0.3191310358701509,0.3191310358701509
강로한,비없음,67,223,56,0.23958333333333334,0.25112107623318386,0.011537742899850517,14.933184523068078,0.17229524370318636,0.17229524370318636
강민호,비,29,90,24,0.2310126582278481,0.26666666666666666,0.03565400843881855,9.486832980505138,0.33824362314459233,0.33824362314459233
강민호,비없음,74,226,49,0.2310126582278481,0.2168141592920354,-0.014198498935812709,15.033296378372908,-0.21345024263008477,0.21345024263008477
강백호,비,23,88,32,0.3283582089552239,0.36363636363636365,0.03527815468113976,9.38083151964686,0.33093842538781326,0.33093842538781326
강백호,비없음,85,314,100,0.3283582089552239,0.3184713375796178,-0.009886871375606066,17.72004514666935,-0.17519580713505237,0.17519580713505237
고종욱,비,30,121,41,0.3278008298755187,0.33884297520661155,0.011042145331092879,11.0,0.12146359864202166,0.12146359864202166
고종욱,비없음,95,361,117,0.3278008298755187,0.32409972299168976,-0.0037011068838289085,19.0,-0.07032103079274926,0.07032103079274926
구자욱,비,25,96,26,0.2636363636363636,0.2708333333333333,0.007196969696969702,9.797958971132712,0.07051561380739456,0.07051561380739456
구자욱,비없음,89,344,90,0.2636363636363636,0.2616279069767442,-0.0020084566596194064,18.547236990991408,-0.037251321652096096,0.037251321652096096
권희동,비,23,66,12,0.25316455696202533,0.18181818181818182,-0.07134637514384351,8.12403840463596,-0.5796206917001492,0.5796206917001492
권희동,비없음,81,250,68,0.25316455696202533,0.272,0.018835443037974686,15.811388300841896,0.2978145036918069,0.2978145036918069
김강민,비,25,96,27,0.2603092783505155,0.28125,0.020940721649484517,9.797958971132712,0.20517633154755982,0.20517633154755982
김강민,비없음,79,292,74,0.2603092783505155,0.2534246575342466,-0.006884620816268894,17.08800749063506,-0.11764445207858493,0.11764445207858493
김규민,비,30,85,21,0.24651162790697675,0.24705882352941178,0.0005471956224350205,9.219544457292887,0.005044894367875725,0.005044894367875725
김규민,비없음,43,130,32,0.24651162790697675,0.24615384615384617,-0.00035778175313058713,11.40175425099138,-0.00407933962468382,0.00407933962468382
김동엽,비,18,62,14,0.22857142857142856,0.22580645161290322,-0.0027649769585253448,7.874007874011811,-0.021771450342889794,0.021771450342889794
김동엽,비없음,35,113,26,0.22857142857142856,0.23008849557522124,0.0015170670037926715,10.63014581273465,0.016126643458004568,0.016126643458004568
김민성,비,33,118,32,0.26038781163434904,0.2711864406779661,0.010798629043617058,10.862780491200215,0.11730313690671142,0.11730313690671142
김민성,비없음,74,243,62,0.26038781163434904,0.2551440329218107,-0.005243778712538338,15.588457268119896,-0.08174242038388065,0.08174242038388065
김민하,비,13,32,9,0.23529411764705882,0.28125,0.04595588235294118,5.656854249492381,0.2599657283774072,0.2599657283774072
김민하,비없음,31,70,15,0.23529411764705882,0.21428571428571427,-0.021008403361344546,8.366600265340756,-0.17576891313741091,0.17576891313741091
김민혁,비,32,126,37,0.2803532008830022,0.29365079365079366,0.013297592767791466,11.224972160321824,0.14926510861775605,0.14926510861775605
김민혁,비없음,87,327,90,0.2803532008830022,0.27522935779816515,-0.005123843084837043,18.083141320025124,-0.09265517860474173,0.09265517860474173
김상수,비,31,114,30,0.268018018018018,0.2631578947368421,-0.00486012328117591,10.677078252031311,-0.05189191658763437,0.05189191658763437
김상수,비없음,89,330,89,0.268018018018018,0.2696969696969697,0.0016789516789517123,18.16590212458495,0.030499671871744377,0.030499671871744377
김선빈,비,33,98,29,0.2978723404255319,0.29591836734693877,-0.0019539730785931297,9.899494936611665,-0.019343346597808196,0.019343346597808196
김선빈,비없음,80,278,83,0.2978723404255319,0.29856115107913667,0.0006888106536047656,16.673332000533065,0.011484768713056434,0.011484768713056434
김성욱,비,23,63,19,0.24436090225563908,0.30158730158730157,0.057226399331662486,7.937253933193772,0.45422046317775555,0.45422046317775555
김성욱,비없음,74,203,46,0.24436090225563908,0.22660098522167488,-0.017759917033964207,14.247806848775006,-0.25303986755019114,0.25303986755019114
김성현,비,27,83,24,0.2531017369727047,0.2891566265060241,0.03605488953331937,9.1104335791443,0.3284756762966911,0.3284756762966911
김성현,비없음,103,320,78,0.2531017369727047,0.24375,-0.009351736972704722,17.88854381999832,-0.16728895662932683,0.16728895662932683
김용의,비,18,41,8,0.21910112359550563,0.1951219512195122,-0.023979172375993424,6.4031242374328485,-0.15354161983430373,0.15354161983430373
김용의,비없음,57,137,31,0.21910112359550563,0.22627737226277372,0.007176248667268098,11.704699910719626,0.08399583713507475,0.08399583713507475
김재호,비,28,83,22,0.27873563218390807,0.26506024096385544,-0.013675391220052624,9.1104335791443,-0.12458874337910256,0.12458874337910256
김재호,비없음,88,265,75,0.27873563218390807,0.2830188679245283,0.004283235740620228,16.278820596099706,0.06972602619235894,0.06972602619235894
김재환,비,27,92,31,0.28104575163398693,0.33695652173913043,0.055910770105143504,9.591663046625438,0.5362772675258752,0.5362772675258752
김재환,비없음,98,367,98,0.28104575163398693,0.2670299727520436,-0.01401577888194333,19.157244060668017,-0.26850369674174507,0.26850369674174507
김주찬,비,26,79,29,0.30491803278688523,0.3670886075949367,0.06217057480805149,8.888194417315589,0.5525841559302245,0.5525841559302245
김주찬,비없음,65,226,64,0.30491803278688523,0.2831858407079646,-0.02173219207892063,15.033296378372908,-0.3267064844741419,0.3267064844741419
김찬형,비없음,41,111,31,0.2826086956521739,0.27927927927927926,-0.0033294163728946335,10.535653752852738,-0.035077578103896695,0.035077578103896695
김태균,비,29,95,30,0.29876543209876544,0.3157894736842105,0.01702404158544507,9.746794344808963,0.16592983225080862,0.16592983225080862
김태균,비없음,89,310,91,0.29876543209876544,0.29354838709677417,-0.005217045001991272,17.60681686165901,-0.09185555590909378,0.09185555590909378
김태진,비,27,88,26,0.27945205479452057,0.29545454545454547,0.016002490660024904,9.38083151964686,0.1501166687764161,0.1501166687764161
김태진,비없음,84,277,76,0.27945205479452057,0.2743682310469314,-0.005083823747589145,16.64331697709324,-0.08461169008680018,0.08461169008680018
김하성,비,46,182,64,0.30980392156862746,0.3516483516483517,0.041844430079724215,13.490737563232042,0.5645122246885722,0.5645122246885722
김하성,비없음,85,328,94,0.30980392156862746,0.2865853658536585,-0.023218555714968947,18.110770276274835,-0.4205059287006908,0.4205059287006908
김헌곤,비,28,104,33,0.29521276595744683,0.3173076923076923,0.02209492635024546,10.198039027185569,0.22532492122259398,0.22532492122259398
김헌곤,비없음,77,272,78,0.29521276595744683,0.2867647058823529,-0.00844806007509391,16.492422502470642,-0.13932897608470263,0.13932897608470263
김현수,비,37,132,41,0.3132530120481928,0.3106060606060606,-0.0026469514421321727,11.489125293076057,-0.030411156763344892,0.030411156763344892
김현수,비없음,95,366,115,0.3132530120481928,0.31420765027322406,0.000954638225031279,19.131126469708992,0.01826330461589191,0.01826330461589191
김형준,비,13,31,7,0.22429906542056074,0.22580645161290322,0.0015073861923424747,5.5677643628300215,0.008392771122746471,0.008392771122746471
김형준,비없음,32,76,17,0.22429906542056074,0.2236842105263158,-0.0006148548942449539,8.717797887081348,-0.005360180697910284,0.005360180697910284
김혜성,비,46,145,44,0.2831858407079646,0.30344827586206896,0.020262435154104363,12.041594578792296,0.24399202930479355,0.24399202930479355
김혜성,비없음,61,194,52,0.2831858407079646,0.26804123711340205,-0.015144603594562545,13.92838827718412,-0.21093991916910543,0.21093991916910543
김회성,비없음,36,78,17,0.23076923076923078,0.21794871794871795,-0.01282051282051283,8.831760866327848,-0.11322770341445967,0.11322770341445967
나종덕,비,26,55,6,0.12290502793296089,0.10909090909090909,-0.013814118842051804,7.416198487095663,-0.10244824725698427,0.10244824725698427
나종덕,비없음,56,124,16,0.12290502793296089,0.12903225806451613,0.006127230131555236,11.135528725660043,0.0682299471386631,0.0682299471386631
나주환,비,19,49,14,0.2300469483568075,0.2857142857142857,0.0556673373574782,7.0,0.3896713615023474,0.3896713615023474
나주환,비없음,61,164,35,0.2300469483568075,0.21341463414634146,-0.016632314210466043,12.806248474865697,-0.2129975484912678,0.2129975484912678
나지완,비,11,34,6,0.18446601941747573,0.17647058823529413,-0.0079954311821816,5.830951894845301,-0.046620974601847005,0.046620974601847005
나지완,비없음,31,69,13,0.18446601941747573,0.18840579710144928,0.00393977768397355,8.306623862918075,0.0327262513242868,0.0327262513242868
노수광,비,23,77,26,0.2542857142857143,0.33766233766233766,0.08337662337662338,8.774964387392123,0.7316269008708757,0.7316269008708757
노수광,비없음,75,273,63,0.2542857142857143,0.23076923076923078,-0.0235164835164835,16.522711641858304,-0.38855607597337083,0.38855607597337083
노시환,비,17,37,8,0.18452380952380953,0.21621621621621623,0.031692406692406694,6.082762530298219,0.19277738392354396,0.19277738392354396
노시환,비없음,49,131,23,0.18452380952380953,0.17557251908396945,-0.008951290439840082,11.445523142259598,-0.10245220188227674,0.10245220188227674
노진혁,비,25,86,16,0.2710843373493976,0.18604651162790697,-0.0850378257214906,9.273618495495704,-0.7886083534275555,0.7886083534275555
노진혁,비없음,74,246,74,0.2710843373493976,0.3008130081300813,0.029728670780683752,15.684387141358123,0.4662759817222252,0.4662759817222252
러프,비,32,108,27,0.29398663697104677,0.25,-0.043986636971046766,10.392304845413264,-0.4571225405276435,0.4571225405276435
러프,비없음,93,341,105,0.29398663697104677,0.30791788856304986,0.013931251592003091,18.466185312619388,0.25725707353465294,0.25725707353465294
로맥,비,28,104,34,0.27564102564102566,0.3269230769230769,0.051282051282051266,10.198039027185569,0.5229763603684906,0.5229763603684906
로맥,비없음,99,364,95,0.27564102564102566,0.260989010989011,-0.014652014652014655,19.078784028338912,-0.27954262312584494,0.27954262312584494
로하스,비,35,124,44,0.329938900203666,0.3548387096774194,0.024899809473753365,11.135528725660043,0.27727254365844267,0.27727254365844267
로하스,비없음,99,367,118,0.329938900203666,0.3215258855585831,-0.008413014645082928,19.157244060668017,-0.16117017484182797,0.16117017484182797
류승현,비,12,35,7,0.2585034013605442,0.2,-0.058503401360544216,5.916079783099616,-0.3461107900316782,0.3461107900316782
류승현,비없음,42,112,31,0.2585034013605442,0.2767857142857143,0.018282312925170074,10.583005244258363,0.19348181356424735,0.19348181356424735
류지혁,비,19,44,10,0.2518518518518518,0.22727272727272727,-0.02457912457912456,6.6332495807108,-0.1630394678087165,0.1630394678087165
류지혁,비없음,71,226,58,0.2518518518518518,0.25663716814159293,0.004785316289741104,15.033296378372908,0.07193907804793381,0.07193907804793381
모창민,비,28,96,31,0.2916666666666667,0.3229166666666667,0.03125,9.797958971132712,0.30618621784789724,0.30618621784789724
모창민,비없음,64,216,60,0.2916666666666667,0.2777777777777778,-0.013888888888888895,14.696938456699069,-0.2041241452319316,0.2041241452319316
민병헌,비,31,115,31,0.29673590504451036,0.26956521739130435,-0.027170687653206016,10.723805294763608,-0.2913731641178189,0.2913731641178189
민병헌,비없음,62,222,69,0.29673590504451036,0.3108108108108108,0.014074905766300438,14.89966442575134,0.20971137274194904,0.20971137274194904
박건우,비,23,81,28,0.3192488262910798,0.345679012345679,0.02643018605459918,9.0,0.23787167449139263,0.23787167449139263
박건우,비없음,94,345,108,0.3192488262910798,0.3130434782608696,-0.006205348030210223,18.57417562100671,-0.11525922410259272,0.11525922410259272
박경수,비,34,107,30,0.23785166240409208,0.2803738317757009,0.042522169371608826,10.344080432788601,0.43985274015658166,0.43985274015658166
박경수,비없음,93,284,63,0.23785166240409208,0.22183098591549297,-0.016020676488599117,16.852299546352718,-0.2699852391210826,0.2699852391210826
박계범,비,17,53,12,0.25595238095238093,0.22641509433962265,-0.029537286612758284,7.280109889280518,-0.21503469237205464,0.21503469237205464
박계범,비없음,38,115,31,0.25595238095238093,0.26956521739130435,0.013612836438923415,10.723805294763608,0.1459814074804779,0.1459814074804779
박동원,비,37,108,28,0.29652996845425866,0.25925925925925924,-0.03727070919499942,10.392304845413264,-0.3873285717591812,0.3873285717591812
박동원,비없음,66,209,66,0.29652996845425866,0.3157894736842105,0.019259505229951845,14.45683229480096,0.27843143719025587,0.27843143719025587
박민우,비,30,114,41,0.344017094017094,0.35964912280701755,0.015632028789923536,10.677078252031311,0.16690439462801993,0.16690439462801993
박민우,비없음,94,354,120,0.344017094017094,0.3389830508474576,-0.005034043169636404,18.81488772222678,-0.09471495702555155,0.09471495702555155
박병호,비,40,140,40,0.28,0.2857142857142857,0.005714285714285672,11.832159566199232,0.06761234037828083,0.06761234037828083
박병호,비없음,74,260,72,0.28,0.27692307692307694,-0.003076923076923088,16.1245154965971,-0.04961389383568356,0.04961389383568356
박석민,비,29,84,17,0.2614942528735632,0.20238095238095238,-0.05911330049261082,9.16515138991168,-0.5417823481721188,0.5417823481721188
박석민,비없음,78,264,74,0.2614942528735632,0.2803030303030303,0.018808777429467072,16.24807680927192,0.30560646036248107,0.30560646036248107
박세혁,비,28,93,22,0.27951807228915665,0.23655913978494625,-0.0429589325042104,9.643650760992955,-0.4142809421356736,0.4142809421356736
박세혁,비없음,97,322,94,0.27951807228915665,0.2919254658385093,0.012407393549352663,17.944358444926362,0.22264271721685133,0.22264271721685133
박승욱,비,32,69,19,0.23318385650224216,0.2753623188405797,0.04217846233833755,8.306623862918075,0.350360621760826,0.350360621760826
박승욱,비없음,59,154,33,0.23318385650224216,0.21428571428571427,-0.018898142216527886,12.409673645990857,-0.23451977742263333,0.23451977742263333
박용택,비,14,52,18,0.2754491017964072,0.34615384615384615,0.07070474435743895,7.211102550927978,0.5098591623986386,0.5098591623986386
박용택,비없음,39,115,28,0.2754491017964072,0.24347826086956523,-0.031970840926841965,10.723805294763608,-0.3428490732093129,0.3428490732093129
박찬호,비,42,165,44,0.25992063492063494,0.26666666666666666,0.006746031746031722,12.84523257866513,0.08665434676083589,0.08665434676083589
박찬호,비없음,91,339,87,0.25992063492063494,0.25663716814159293,-0.0032834667790420102,18.411952639521967,-0.060455034829165234,0.060455034829165234
박해민,비,33,118,26,0.24324324324324326,0.22033898305084745,-0.022904260192395803,10.862780491200215,-0.24880395078333084,0.24880395078333084
박해민,비없음,100,363,91,0.24324324324324326,0.25068870523415976,0.007445461990916502,19.05255888325765,0.14185510299499338,0.14185510299499338
베탄코트,비없음,43,167,42,0.24736842105263157,0.25149700598802394,0.004128584935392365,12.922847983320086,0.05335307550630092,0.05335307550630092
샌즈,비,46,177,47,0.30522088353413657,0.2655367231638418,-0.03968416037029476,13.30413469565007,-0.5279634148501801,0.5279634148501801
샌즈,비없음,85,321,105,0.30522088353413657,0.32710280373831774,0.02188192020418117,17.916472867168917,0.3920468296197673,0.3920468296197673
서건창,비,37,134,43,0.3055555555555556,0.3208955223880597,0.015339966832504104,11.575836902790225,0.17757295414727908,0.17757295414727908
서건창,비없음,68,262,78,0.3055555555555556,0.29770992366412213,-0.007845631891433447,16.186414056238647,-0.12699264632757254,0.12699264632757254
손시헌,비없음,38,101,31,0.2698412698412698,0.3069306930693069,0.0370894232280371,10.04987562112089,0.3727440903008849,0.3727440903008849
손아섭,비,38,142,38,0.2925311203319502,0.2676056338028169,-0.024925486529133345,11.916375287812984,-0.29702145171248,0.29702145171248
손아섭,비없음,87,340,103,0.2925311203319502,0.3029411764705882,0.01041005613863799,18.439088914585774,0.19195195074617535,0.19195195074617535
송광민,비,29,107,33,0.26730310262529833,0.308411214953271,0.04110811232797268,10.344080432788601,0.4252256203606581,0.4252256203606581
송광민,비없음,85,312,79,0.26730310262529833,0.2532051282051282,-0.014097974420170134,17.663521732655695,-0.24901987755709923,0.24901987755709923
송성문,비,34,103,20,0.23693379790940766,0.1941747572815534,-0.04275904062785427,10.14889156509222,-0.43395686675946565,0.43395686675946565
송성문,비없음,54,184,48,0.23693379790940766,0.2608695652173913,0.023935767307983635,13.564659966250536,0.324680544564094,0.324680544564094
스몰린스키,비,20,74,17,0.22926829268292684,0.22972972972972974,0.00046143704680290387,8.602325267042627,0.003969431566862151,0.003969431566862151
스몰린스키,비없음,35,131,30,0.22926829268292684,0.22900763358778625,-0.00026065909514058627,11.445523142259598,-0.0029833797056720264,0.0029833797056720264
신본기,비,31,97,18,0.24786324786324787,0.18556701030927836,-0.06229623755396951,9.848857801796104,-0.6135467852559561,0.6135467852559561
신본기,비없음,79,254,69,0.24786324786324787,0.27165354330708663,0.02379029544383876,15.937377450509228,0.3791549181475883,0.3791549181475883
심우준,비,35,119,34,0.28,0.2857142857142857,0.005714285714285672,10.908712114635714,0.0623354977979179,0.0623354977979179
심우준,비없음,85,256,71,0.28,0.27734375,-0.0026562500000000266,16.0,-0.042500000000000426,0.042500000000000426
아수아헤,비없음,34,113,25,0.23529411764705882,0.22123893805309736,-0.014055179593961464,10.63014581273465,-0.14940860850798296,0.14940860850798296
안상현,비없음,37,84,18,0.24,0.21428571428571427,-0.025714285714285717,9.16515138991168,-0.2356753214548718,0.2356753214548718
안중열,비,12,31,8,0.19696969696969696,0.25806451612903225,0.06109481915933529,5.5677643628300215,0.3401615568688918,0.3401615568688918
안중열,비없음,47,101,18,0.19696969696969696,0.1782178217821782,-0.01875187518751875,10.04987562112089,-0.18845401329734643,0.18845401329734643
안치홍,비,26,73,17,0.3153153153153153,0.2328767123287671,-0.0824386029865482,8.54400374531753,-0.7043557326758128,0.7043557326758128
안치홍,비없음,69,260,88,0.3153153153153153,0.3384615384615385,0.023146223146223166,16.1245154965971,0.3732216338089699,0.3732216338089699
양성우,비,14,32,6,0.1743119266055046,0.1875,0.013188073394495403,5.656854249492381,0.07460300902426872,0.07460300902426872
양성우,비없음,34,77,13,0.1743119266055046,0.16883116883116883,-0.005480757774335765,8.774964387392123,-0.04809345428571885,0.04809345428571885
양의지,비,25,89,30,0.35149863760217986,0.33707865168539325,-0.014419985916786615,9.433981132056603,-0.13603787506348686,0.13603787506348686
양의지,비없음,83,278,99,0.35149863760217986,0.35611510791366907,0.004616470311489207,16.673332000533065,0.07697194217406385,0.07697194217406385
오선진,비,27,88,18,0.22193211488250653,0.20454545454545456,-0.017386660337051968,9.38083151964686,-0.163101331311211,0.163101331311211
오선진,비없음,87,295,67,0.22193211488250653,0.2271186440677966,0.005186529185290084,17.175564037317667,0.08908156415336686,0.08908156415336686
오윤석,비,13,46,9,0.2198952879581152,0.1956521739130435,-0.024243114045071706,6.782329983125268,-0.16442479927221515,0.16442479927221515
오윤석,비없음,49,145,33,0.2198952879581152,0.22758620689655173,0.007690918938436542,12.041594578792296,0.09261092779500846,0.09261092779500846
오재원,비,15,33,5,0.17105263157894737,0.15151515151515152,-0.019537480063795853,5.744562646538029,-0.11223427818196308,0.11223427818196308
오재원,비없음,49,119,21,0.17105263157894737,0.17647058823529413,0.005417956656346756,10.908712114635714,0.05910292941366106,0.05910292941366106
오재일,비,25,98,26,0.2962962962962963,0.2653061224489796,-0.03099017384731667,9.899494936611665,-0.30678706908622666,0.30678706908622666
오재일,비없음,90,334,102,0.2962962962962963,0.30538922155688625,0.009092925260589968,18.275666882497067,0.1661792730499851,0.1661792730499851
오지환,비,37,128,34,0.26018099547511314,0.265625,0.0054440045248868585,11.313708498984761,0.06159188026172395,0.06159188026172395
오지환,비없음,87,314,81,0.26018099547511314,0.25796178343949044,-0.0022192120356226974,17.72004514666935,-0.039324537461266185,0.039324537461266185
오태곤,비,29,85,27,0.2537764350453172,0.3176470588235294,0.06387062377821218,9.219544457292887,0.5888580554382553,0.5888580554382553
오태곤,비없음,75,246,57,0.2537764350453172,0.23170731707317074,-0.022069117972146474,15.684387141358123,-0.3461405901434496,0.3461405901434496
윌리엄슨,비,17,63,17,0.2727272727272727,0.2698412698412698,-0.002886002886002881,7.937253933193772,-0.022906937758134942,0.022906937758134942
윌리엄슨,비없음,23,91,25,0.2727272727272727,0.27472527472527475,0.0019980019980020414,9.539392014169456,0.01905972430403529,0.01905972430403529
윌슨,비,25,83,20,0.2510822510822511,0.24096385542168675,-0.010118395660564328,9.1104335791443,-0.09218297159307322,0.09218297159307322
윌슨,비없음,43,148,38,0.2510822510822511,0.25675675675675674,0.00567450567450567,12.165525060596439,0.06903334098969542,0.06903334098969542
유강남,비,35,108,33,0.27040816326530615,0.3055555555555556,0.035147392290249435,10.392304845413264,0.3652624152016,0.3652624152016
유강남,비없음,87,284,73,0.27040816326530615,0.25704225352112675,-0.013365909744179394,16.852299546352718,-0.22524631471842577,0.22524631471842577
유민상,비,23,70,22,0.2914285714285714,0.3142857142857143,0.022857142857142854,8.366600265340756,0.19123657749350295,0.19123657749350295
유민상,비없음,35,105,29,0.2914285714285714,0.2761904761904762,-0.015238095238095217,10.246950765959598,-0.1561440116717651,0.1561440116717651
유한준,비,32,123,35,0.3169164882226981,0.2845528455284553,-0.0323636426942428,11.090536506409418,-0.35893016078089024,0.35893016078089024
유한준,비없음,98,344,113,0.3169164882226981,0.32848837209302323,0.01157188387032515,18.547236990991408,0.21462647257515144,0.21462647257515144
윤석민,비,15,41,10,0.2246376811594203,0.24390243902439024,0.01926475786496995,6.4031242374328485,0.12335463801346419,0.12335463801346419
윤석민,비없음,37,97,21,0.2246376811594203,0.21649484536082475,-0.008142835798595538,9.848857801796104,-0.08019763188374228,0.08019763188374228
이대호,비,32,108,25,0.28728070175438597,0.23148148148148148,-0.05579922027290449,10.392304845413264,-0.5798825072123873,0.5798825072123873
이대호,비없음,94,348,106,0.28728070175438597,0.3045977011494253,0.017316999395039334,18.65475810617763,0.32304443483928313,0.32304443483928313
이명기,비,35,134,36,0.2853982300884956,0.26865671641791045,-0.01674151367058513,11.575836902790225,-0.19379703175652638,0.19379703175652638
이명기,비없음,90,318,93,0.2853982300884956,0.29245283018867924,0.007054600100183661,17.832554500127006,0.12580154076312658,0.12580154076312658
이상호,비없음,66,170,45,0.2676767676767677,0.2647058823529412,-0.0029708853238265,13.038404810405298,-0.03873560549734194,0.03873560549734194
이성열,비,28,87,20,0.24615384615384617,0.22988505747126436,-0.016268788682581803,9.327379053088816,-0.1517451587770419,0.1517451587770419
이성열,비없음,91,303,76,0.24615384615384617,0.2508250825082508,0.00467123635440464,17.406895185529212,0.08131172160795515,0.08131172160795515
이우성,비,20,52,13,0.2185430463576159,0.25,0.0314569536423841,7.211102550927978,0.22683931865501913,0.22683931865501913
이우성,비없음,38,99,20,0.2185430463576159,0.20202020202020202,-0.016522844337413883,9.9498743710662,-0.16440022540995067,0.16440022540995067
이원석,비,31,116,36,0.24479166666666666,0.3103448275862069,0.06555316091954025,10.770329614269007,0.7060291503606662,0.7060291503606662
이원석,비없음,79,268,58,0.24479166666666666,0.21641791044776118,-0.028373756218905477,16.3707055437449,-0.46449840822970223,0.46449840822970223
이원재,비,21,69,16,0.2510460251046025,0.2318840579710145,-0.019161967133588004,8.306623862918075,-0.15917125345231398,0.15917125345231398
이원재,비없음,59,170,44,0.2510460251046025,0.25882352941176473,0.007777504307162231,13.038404810405298,0.10140624957145196,0.10140624957145196
이재원,비,29,96,21,0.2668269230769231,0.21875,-0.04807692307692307,9.797958971132712,-0.4710557197659957,0.4710557197659957
이재원,비없음,98,320,90,0.2668269230769231,0.28125,0.014423076923076927,17.88854381999832,0.25800784355766815,0.25800784355766815
이정후,비,47,189,69,0.3425414364640884,0.36507936507936506,0.022537928615276648,13.74772708486752,0.3098452916610495,0.3098452916610495
이정후,비없음,85,354,117,0.3425414364640884,0.3305084745762712,-0.012032961887817217,18.81488772222678,-0.22639882688511492,0.22639882688511492
이지영,비,38,100,28,0.27526132404181186,0.28,0.0047386759581881654,10.0,0.047386759581881654,0.047386759581881654
이지영,비없음,58,187,51,0.27526132404181186,0.2727272727272727,-0.002534051314539154,13.674794331177344,-0.03465263055097252,0.03465263055097252
이창진,비,38,127,31,0.2706766917293233,0.2440944881889764,-0.026582203540346905,11.269427669584644,-0.2995662200961163,0.2995662200961163
이창진,비없음,83,272,77,0.2706766917293233,0.28308823529411764,0.012411543564794347,16.492422502470642,0.204696420378409,0.204696420378409
이천웅,비,38,156,44,0.308411214953271,0.28205128205128205,-0.02635993290198896,12.489995996796797,-0.32923545642167423,0.32923545642167423
이천웅,비없음,94,379,121,0.308411214953271,0.31926121372031663,0.010849998767045621,19.467922333931785,0.21122693332009979,0.21122693332009979
이학주,비,27,96,27,0.2659279778393352,0.28125,0.015322022160664805,9.797958971132712,0.15012454448497994,0.15012454448497994
이학주,비없음,81,265,69,0.2659279778393352,0.26037735849056604,-0.005550619348769159,16.278820596099706,-0.09035753657585292,0.09035753657585292
이형종,비,29,102,29,0.28974358974358977,0.28431372549019607,-0.005429864253393701,10.099504938362077,-0.0548389408417854,0.0548389408417854
이형종,비없음,81,288,84,0.28974358974358977,0.2916666666666667,0.0019230769230769162,16.97056274847714,0.032635697593225155,0.032635697593225155
임병욱,비,34,114,31,0.2471590909090909,0.2719298245614035,0.02477073365231261,10.677078252031311,0.2644790615659671,0.2644790615659671
임병욱,비없음,68,238,56,0.2471590909090909,0.23529411764705882,-0.011864973262032091,15.427248620541512,-0.18304389238944652,0.18304389238944652
장성우,비,32,94,22,0.25588235294117645,0.23404255319148937,-0.021839799749687083,9.695359714832659,-0.21174471467312853,0.21174471467312853
장성우,비없음,81,246,65,0.25588235294117645,0.26422764227642276,0.008345289335246309,15.684387141358123,0.1308907487406503,0.1308907487406503
장영석,비,30,95,25,0.24858757062146894,0.2631578947368421,0.014570324115373151,9.746794344808963,0.1420139526897527,0.1420139526897527
장영석,비없음,74,259,63,0.24858757062146894,0.24324324324324326,-0.005344327378225683,16.09347693943108,-0.0860088094182452,0.0860088094182452
장진혁,비,29,81,21,0.25732899022801303,0.25925925925925924,0.0019302690312462123,9.0,0.01737242128121591,0.01737242128121591
장진혁,비없음,71,226,58,0.25732899022801303,0.25663716814159293,-0.0006918220864201019,15.033296378372908,-0.010400366466257707,0.010400366466257707
전준우,비,37,137,34,0.30214424951267055,0.24817518248175183,-0.05396906703091872,11.704699910719626,-0.6316917340584158,0.6316917340584158
전준우,비없음,96,376,121,0.30214424951267055,0.32180851063829785,0.019664261125627303,19.390719429665317,0.3813041702787137,0.3813041702787137
정근우,비,24,71,17,0.2845849802371542,0.23943661971830985,-0.04514836051884433,8.426149773176359,-0.3804268477451446,0.3804268477451446
정근우,비없음,57,182,55,0.2845849802371542,0.3021978021978022,0.017612821960648006,13.490737563232042,0.23760995881903227,0.23760995881903227
정수빈,비,29,111,34,0.26150121065375304,0.3063063063063063,0.04480509565255325,10.535653752852738,0.4720509741587486,0.4720509741587486
정수빈,비없음,83,302,74,0.26150121065375304,0.24503311258278146,-0.016468098070971576,17.378147196982766,-0.286185032331692,0.286185032331692
정은원,비,32,131,34,0.26119402985074625,0.2595419847328244,-0.0016520451179218298,11.445523142259598,-0.01890852062923129,0.01890852062923129
정은원,비없음,102,405,106,0.26119402985074625,0.2617283950617284,0.0005343652109821573,20.12461179749811,0.010753892429104088,0.010753892429104088
정의윤,비,25,88,24,0.28370786516853935,0.2727272727272727,-0.010980592441266646,9.38083151964686,-0.1030070876774302,0.1030070876774302
정의윤,비없음,74,268,77,0.28370786516853935,0.2873134328358209,0.0036055676672815395,16.3707055437449,0.05902568659911327,0.05902568659911327
정주현,비,35,103,24,0.23512747875354106,0.23300970873786409,-0.0021177700156769785,10.14889156509222,-0.021493018248909306,0.021493018248909306
정주현,비없음,85,250,59,0.23512747875354106,0.236,0.0008725212464589238,15.811388300841896,0.013795772228496617,0.013795772228496617
정훈,비,20,58,13,0.23118279569892472,0.22413793103448276,-0.007044864664441958,7.615773105863909,-0.05365209084590803,0.05365209084590803
정훈,비없음,52,128,30,0.23118279569892472,0.234375,0.00319220430107528,11.313708498984761,0.0361156689315711,0.0361156689315711
조셉,비없음,40,144,42,0.2774566473988439,0.2916666666666667,0.014210019267822782,12.0,0.17052023121387339,0.17052023121387339
조용호,비,25,68,24,0.2925531914893617,0.35294117647058826,0.06038798498122655,8.246211251235321,0.49797208119161995,0.49797208119161995
조용호,비없음,48,120,31,0.2925531914893617,0.25833333333333336,-0.03421985815602835,10.954451150103322,-0.3748597645336773,0.3748597645336773
지석훈,비,13,36,8,0.2459016393442623,0.2222222222222222,-0.02367941712204008,6.0,-0.14207650273224048,0.14207650273224048
지석훈,비없음,37,86,22,0.2459016393442623,0.2558139534883721,0.009912314144109813,9.273618495495704,0.09192301977998042,0.09192301977998042
채은성,비,33,123,44,0.3150684931506849,0.35772357723577236,0.04265508408508745,11.090536506409418,0.4730677672296257,0.4730677672296257
채은성,비없음,86,315,94,0.3150684931506849,0.2984126984126984,-0.016655794737986507,17.74823934929885,-0.29561103156257684,0.29561103156257684
채태인,비없음,41,123,33,0.2602739726027397,0.2682926829268293,0.008018710324089573,11.090536506409418,0.0889317995836375,0.0889317995836375
최영진,비,14,35,8,0.251063829787234,0.22857142857142856,-0.022492401215805452,5.916079783099616,-0.13306684010619185,0.13306684010619185
최영진,비없음,65,200,51,0.251063829787234,0.255,0.003936170212765988,14.142135623730951,0.05566585298702652,0.05566585298702652
최원준,비,20,61,14,0.2048780487804878,0.22950819672131148,0.024630147940823688,7.810249675906654,0.19236760497235114,0.19236760497235114
최원준,비없음,48,144,28,0.2048780487804878,0.19444444444444445,-0.010433604336043345,12.0,-0.12520325203252014,0.12520325203252014
최재훈,비,31,86,25,0.28125,0.29069767441860467,0.009447674418604668,9.273618495495704,0.08761412822779387,0.08761412822779387
최재훈,비없음,93,266,74,0.28125,0.2781954887218045,-0.003054511278195504,16.30950643030009,-0.04981757133315372,0.04981757133315372
최정,비,30,102,28,0.30638297872340425,0.27450980392156865,-0.0318731748018356,10.099504938362077,-0.3219032863124164,0.3219032863124164
최정,비없음,100,368,116,0.30638297872340425,0.31521739130434784,0.008834412580943585,19.183326093250876,0.1694734173825589,0.1694734173825589
최주환,비,23,82,21,0.2815884476534296,0.25609756097560976,-0.025490886677819846,9.055385138137417,-0.23082979638027493,0.23082979638027493
최주환,비없음,60,195,57,0.2815884476534296,0.2923076923076923,0.010719244654262716,13.96424004376894,0.14968610544001157,0.14968610544001157
최진행,비없음,38,102,22,0.23076923076923078,0.21568627450980393,-0.01508295625942685,10.099504938362077,-0.15233039122718067,0.15233039122718067
최항,비,10,30,6,0.2336448598130841,0.2,-0.0336448598130841,5.477225575051661,-0.18428048663725208,0.18428048663725208
최항,비없음,31,77,19,0.2336448598130841,0.24675324675324675,0.013108386940162642,8.774964387392123,0.11502562857608317,0.11502562857608317
최형우,비,41,138,37,0.3044496487119438,0.26811594202898553,-0.03633370668295827,11.74734012447073,-0.42682441038746594,0.42682441038746594
최형우,비없음,86,289,93,0.3044496487119438,0.3217993079584775,0.0173496592465337,17.0,0.2949442071910729,0.2949442071910729
터커,비,33,115,36,0.31092436974789917,0.3130434782608696,0.0021191085129704246,10.723805294763608,0.022724907091570875,0.022724907091570875
터커,비없음,61,242,75,0.31092436974789917,0.30991735537190085,-0.0010070143759983163,15.556349186104045,-0.01566546726845648,0.01566546726845648
페게로,비,24,91,27,0.2864321608040201,0.2967032967032967,0.010271135899276584,9.539392014169456,0.09798039177400826,0.09798039177400826
페게로,비없음,28,108,30,0.2864321608040201,0.2777777777777778,-0.00865438302624233,10.392304845413264,-0.08993898665768046,0.08993898665768046
페르난데스,비,30,117,44,0.3407821229050279,0.37606837606837606,0.03528625316334816,10.816653826391969,0.3816791852983656,0.3816791852983656
페르난데스,비없음,104,420,139,0.3407821229050279,0.33095238095238094,-0.009829741952646964,20.493901531919196,-0.20144976366172201,0.20144976366172201
한동민,비,25,72,18,0.26666666666666666,0.25,-0.016666666666666663,8.48528137423857,-0.14142135623730945,0.14142135623730945
한동민,비없음,87,318,86,0.26666666666666666,0.27044025157232704,0.0037735849056603765,17.832554500127006,0.06729265849104529,0.06729265849104529
한동희,비,18,54,11,0.21739130434782608,0.2037037037037037,-0.013687600644122389,7.3484692283495345,-0.10058291214327064,0.10058291214327064
한동희,비없음,33,107,24,0.21739130434782608,0.22429906542056074,0.006907761072734664,10.344080432788601,0.07145443614685343,0.07145443614685343
한승택,비,27,65,16,0.22540983606557377,0.24615384615384617,0.020744010088272397,8.06225774829855,0.1672435560649574,0.1672435560649574
한승택,비없음,63,179,39,0.22540983606557377,0.21787709497206703,-0.00753274109350674,13.379088160259652,-0.10078120717843736,0.10078120717843736
허경민,비,27,101,27,0.2958715596330275,0.26732673267326734,-0.028544826959760183,10.04987562112089,-0.2868719605720082,0.2868719605720082
허경민,비없음,93,335,102,0.2958715596330275,0.3044776119402985,0.008606052307270962,18.303005217723125,0.15751662028397856,0.15751662028397856
허일,비,21,48,10,0.2550335570469799,0.20833333333333334,-0.046700223713646544,6.928203230275509,-0.3235486407874749,0.3235486407874749
허일,비없음,45,101,28,0.2550335570469799,0.27722772277227725,0.022194165725297366,10.04987562112089,0.22304860505378282,0.22304860505378282
호잉,비,27,101,25,0.28153153153153154,0.24752475247524752,-0.03400677905628402,10.04987562112089,-0.34176389979059324,0.34176389979059324
호잉,비없음,89,343,100,0.28153153153153154,0.2915451895043732,0.01001365797284165,18.520259177452136,0.1854555409713873,0.1854555409713873
황윤호,비,18,55,16,0.3130434782608696,0.2909090909090909,-0.022134387351778695,7.416198487095663,-0.16415300999105054,0.16415300999105054
황윤호,비없음,23,60,20,0.3130434782608696,0.3333333333333333,0.020289855072463725,7.745966692414834,0.1571645415852282,0.1571645415852282
황재균,비,25,92,28,0.288135593220339,0.30434782608695654,0.01621223286661755,9.591663046625438,0.15550227489002194,0.15550227489002194
황재균,비없음,91,321,91,0.288135593220339,0.2834890965732087,-0.004646496647130294,17.916472867168917,-0.08324883110570125,0.08324883110570125
