Date,Region,signal_type,signal_name,Price_prev,Median_price_per_m2,Price_yoy_pct,Transaction_prev,Transaction_count,Transaction_yoy_pct,Base_rate_prev,Base_rate,Base_rate_change,Price_z,Transaction_z,Signal_score,reason,rank_in_type,severity
2022-12-01,경기도,rate_price_reverse,금리 ↑ + 주택가격 ↑,337.0627054899827,544.4431293644219,61.525769685190646,1855.0,6418,245.98382749326143,0.5,3.25,2.75,2.808405374393709,3.1090559026508737,5.558,금리가 상승한 기간에도 주택가격 상승폭이 같은 시점의 다른 지역보다 크게 나타남,1,HIGH
2022-11-01,경기도,rate_price_reverse,금리 ↑ + 주택가격 ↑,361.2514783356628,542.8226779252111,50.26171807685682,3191.0,6174,93.48166718896897,0.5,3.25,2.75,2.5129409653514965,2.9771638528274287,5.263,금리가 상승한 기간에도 주택가격 상승폭이 같은 시점의 다른 지역보다 크게 나타남,2,HIGH
2023-01-01,부산광역시,rate_price_reverse,금리 ↑ + 주택가격 ↑,331.7219536589432,479.5149348665078,44.55327106855175,3087.0,2732,-11.499838030450276,0.5,3.5,3.0,2.06642315370567,-0.18355469198701604,5.066,금리가 상승한 기간에도 주택가격 상승폭이 같은 시점의 다른 지역보다 크게 나타남,3,HIGH
2023-01-01,울산광역시,rate_price_reverse,금리 ↑ + 주택가격 ↑,264.1664296978001,380.3460659484166,43.97971248031901,981.0,1170,19.26605504587156,0.5,3.5,3.0,2.018594387170552,0.3549153831828961,5.019,금리가 상승한 기간에도 주택가격 상승폭이 같은 시점의 다른 지역보다 크게 나타남,4,HIGH
2022-10-01,경기도,rate_price_reverse,금리 ↑ + 주택가격 ↑,371.35278514588856,500.1103188682728,34.672564438099194,4064.0,5608,37.99212598425197,0.5,3.0,2.5,2.3595043634023667,2.6256118711776435,4.86,금리가 상승한 기간에도 주택가격 상승폭이 같은 시점의 다른 지역보다 크게 나타남,5,HIGH
2023-02-01,경기도,rate_price_reverse,금리 ↑ + 주택가격 ↑,341.7805935311771,587.8499806849292,71.9963016657661,425.0,17518,4021.8823529411766,0.5,3.5,3.0,1.844449945692119,0.07678259434930479,4.844,금리가 상승한 기간에도 주택가격 상승폭이 같은 시점의 다른 지역보다 크게 나타남,6,HIGH
2023-03-01,부산광역시,rate_price_reverse,금리 ↑ + 주택가격 ↑,350.2597620244679,469.51555201219634,34.047813342429464,3858.0,4882,26.54224987039917,1.25,3.5,2.25,2.356770392253692,0.12764075693353572,4.607,금리가 상승한 기간에도 주택가격 상승폭이 같은 시점의 다른 지역보다 크게 나타남,7,HIGH
2022-10-01,인천광역시,rate_price_reverse,금리 ↑ + 주택가격 ↑,350.05380456625744,458.6180794466609,31.013596614075546,2379.0,1704,-28.373266078184113,0.5,3.0,2.5,2.1068793668237706,0.3698775311432983,4.607,금리가 상승한 기간에도 주택가격 상승폭이 같은 시점의 다른 지역보다 크게 나타남,8,HIGH
2019-04-01,서울특별시,price_volume_cross,가격 ↑ + 거래량 ↓,647.9888781545278,828.511521404555,27.858910752319638,4485.0,3015,-32.77591973244147,1.5,1.75,0.25,3.186512376518743,-1.4040304177592329,4.591,주택가격은 상승했지만 거래량은 감소하는 엇갈린 흐름이 나타남,1,HIGH
2023-03-01,울산광역시,rate_price_reverse,금리 ↑ + 주택가격 ↑,291.86771801812404,386.6025929232144,32.45815451889326,1766.0,2000,13.250283125707815,1.25,3.5,2.25,2.216324226990025,-0.12347822764302506,4.466,금리가 상승한 기간에도 주택가격 상승폭이 같은 시점의 다른 지역보다 크게 나타남,9,HIGH
2022-11-01,세종특별자치시,rate_price_reverse,금리 ↑ + 주택가격 ↑,459.7958954805428,628.2073819225825,36.62744450252848,581.0,452,-22.203098106712567,0.5,3.25,2.75,1.7062046408721157,0.2438920338499171,4.456,금리가 상승한 기간에도 주택가격 상승폭이 같은 시점의 다른 지역보다 크게 나타남,10,HIGH
2019-03-01,서울특별시,price_volume_cross,가격 ↑ + 거래량 ↓,646.2984723854289,746.93784636006,15.571655864074737,9337.0,2274,-75.64528221056014,1.5,1.75,0.25,2.9241977835878967,-1.5042444017120915,4.428,주택가격은 상승했지만 거래량은 감소하는 엇갈린 흐름이 나타남,2,HIGH
2023-02-01,부산광역시,rate_price_reverse,금리 ↑ + 주택가격 ↑,303.4694703027418,493.618321054406,62.65831306258627,138.0,4336,3042.0289855072465,0.5,3.5,3.0,1.4068443319749027,-0.10813427250377629,4.407,금리가 상승한 기간에도 주택가격 상승폭이 같은 시점의 다른 지역보다 크게 나타남,11,HIGH
2023-04-01,부산광역시,rate_price_reverse,금리 ↑ + 주택가격 ↑,364.9156077821068,465.1564378682344,27.469592406686523,4608.0,4012,-12.934027777777779,1.5,3.5,2.0,2.376758405865482,-0.31736773824896286,4.377,금리가 상승한 기간에도 주택가격 상승폭이 같은 시점의 다른 지역보다 크게 나타남,12,HIGH
2019-05-01,서울특별시,price_volume_cross,가격 ↑ + 거래량 ↓,653.5344593298257,912.0866188066376,39.56213108363821,4698.0,4397,-6.4069816943380165,1.5,1.75,0.25,3.4642363090941566,-0.856828753045958,4.321,주택가격은 상승했지만 거래량은 감소하는 엇갈린 흐름이 나타남,3,HIGH
2022-11-01,인천광역시,rate_price_reverse,금리 ↑ + 주택가격 ↑,354.82899803891064,474.7809325288066,33.80556131343639,2216.0,1856,-16.24548736462094,0.5,3.25,2.75,1.5392345665467253,0.38465187814036156,4.289,금리가 상승한 기간에도 주택가격 상승폭이 같은 시점의 다른 지역보다 크게 나타남,13,HIGH
2022-12-01,세종특별자치시,rate_price_reverse,금리 ↑ + 주택가격 ↑,448.581361444432,624.4845057146223,39.213208436432176,221.0,474,114.47963800904976,0.5,3.25,2.75,1.5038358899576858,1.3747000632971924,4.254,금리가 상승한 기간에도 주택가격 상승폭이 같은 시점의 다른 지역보다 크게 나타남,14,HIGH
2023-02-01,대전광역시,rate_price_reverse,금리 ↑ + 주택가격 ↑,261.90476190476187,416.6885294940065,59.09925671589341,53.0,2048,3764.1509433962265,0.5,3.5,3.0,1.2400564825746232,0.028143801723127478,4.24,금리가 상승한 기간에도 주택가격 상승폭이 같은 시점의 다른 지역보다 크게 나타남,15,HIGH
2022-03-01,세종특별자치시,price_volume_cross,가격 ↑ + 거래량 ↓,448.9626292853817,698.6804725817522,55.62107556565429,2142.0,480,-77.59103641456583,1.25,1.25,0.0,2.5718435731472944,-1.6547870058681629,4.227,주택가격은 상승했지만 거래량은 감소하는 엇갈린 흐름이 나타남,4,HIGH
2022-09-01,인천광역시,rate_price_reverse,금리 ↑ + 주택가격 ↑,350.1079519218072,460.3682946357086,31.493241472712054,3354.0,1590,-52.59391771019678,0.5,2.5,2.0,2.042733996350912,-0.08930649206172338,4.043,금리가 상승한 기간에도 주택가격 상승폭이 같은 시점의 다른 지역보다 크게 나타남,16,HIGH
2022-08-01,인천광역시,rate_price_reverse,금리 ↑ + 주택가격 ↑,366.6895133653187,460.6141522029373,25.614214591417863,6727.0,1782,-73.50973688122492,0.5,2.5,2.0,1.9859562548061085,-0.7191895546005177,3.986,금리가 상승한 기간에도 주택가격 상승폭이 같은 시점의 다른 지역보다 크게 나타남,17,MEDIUM
2022-09-01,경기도,rate_price_reverse,금리 ↑ + 주택가격 ↑,383.3314105273243,500.0358849282125,30.44479820746894,4102.0,5410,31.886884446611408,0.5,2.5,2.0,1.9766309252803853,2.3942061014132414,3.977,금리가 상승한 기간에도 주택가격 상승폭이 같은 시점의 다른 지역보다 크게 나타남,18,MEDIUM
2022-12-01,인천광역시,rate_price_reverse,금리 ↑ + 주택가격 ↑,347.8551718371101,467.2664921821069,34.32788413475521,1985.0,1828,-7.909319899244332,0.5,3.25,2.75,1.21820104353699,-0.23943865466468967,3.968,금리가 상승한 기간에도 주택가격 상승폭이 같은 시점의 다른 지역보다 크게 나타남,19,MEDIUM
2022-08-01,경기도,rate_price_reverse,금리 ↑ + 주택가격 ↑,403.86107365129953,506.2754609461464,25.3588161812478,13994.0,5830,-58.33928826639988,0.5,2.5,2.0,1.96688309610799,0.07928926796990245,3.967,금리가 상승한 기간에도 주택가격 상승폭이 같은 시점의 다른 지역보다 크게 나타남,20,MEDIUM
2023-04-01,울산광역시,rate_price_reverse,금리 ↑ + 주택가격 ↑,300.3419039751432,370.2004979688114,23.259689397004625,2540.0,1762,-30.62992125984252,1.5,3.5,2.0,1.9124905261706164,-0.7985565227884382,3.912,금리가 상승한 기간에도 주택가격 상승폭이 같은 시점의 다른 지역보다 크게 나타남,21,MEDIUM
2019-02-01,서울특별시,price_volume_cross,가격 ↑ + 거래량 ↓,676.5327695560254,735.6232345465294,8.734309356408867,9139.0,1454,-84.09016303753147,1.5,1.75,0.25,2.171738255658932,-1.6695027197614558,3.841,주택가격은 상승했지만 거래량은 감소하는 엇갈린 흐름이 나타남,5,MEDIUM
2017-05-01,세종특별자치시,price_surge,주택가격 급등,226.0876937642188,384.00196079513455,69.84646727194297,422.0,480,13.744075829383887,1.5,1.25,-0.25,3.7546289021484127,0.2725139788593336,3.755,전년 동월 대비 주택가격 상승폭이 같은 시점의 다른 지역보다 매우 크게 나타남,1,MEDIUM
2019-06-01,서울특별시,rate_price_reverse,금리 ↑ + 주택가격 ↑,661.332078136032,960.8189306216448,45.2853963064544,5238.0,6810,30.011454753722795,1.5,1.75,0.25,3.4965508329553954,-0.37043642394542636,3.747,금리가 상승한 기간에도 주택가격 상승폭이 같은 시점의 다른 지역보다 크게 나타남,22,MEDIUM
2016-11-01,세종특별자치시,price_surge,주택가격 급등,221.71575456474105,374.6296607832967,68.96844408677542,178.0,724,306.7415730337079,1.5,1.25,-0.25,3.7456593867663415,3.5371838714774846,3.746,전년 동월 대비 주택가격 상승폭이 같은 시점의 다른 지역보다 매우 크게 나타남,2,MEDIUM
2022-07-01,인천광역시,rate_price_reverse,금리 ↑ + 주택가격 ↑,347.6933070797164,470.56098108344855,35.3379462595068,4936.0,1514,-69.32739059967585,0.5,2.25,1.75,1.9736147679495744,-0.7961821037289183,3.724,금리가 상승한 기간에도 주택가격 상승폭이 같은 시점의 다른 지역보다 크게 나타남,23,MEDIUM
2019-05-01,서울특별시,rate_price_reverse,금리 ↑ + 주택가격 ↑,653.5344593298257,912.0866188066376,39.56213108363821,4698.0,4397,-6.4069816943380165,1.5,1.75,0.25,3.4642363090941566,-0.856828753045958,3.714,금리가 상승한 기간에도 주택가격 상승폭이 같은 시점의 다른 지역보다 크게 나타남,24,MEDIUM
2023-02-01,세종특별자치시,transaction_surge,거래량 급증,440.257110152329,667.779632721202,51.67946577629381,5.0,1162,23140.0,0.5,3.5,3.0,0.8923432537673771,3.684733062163657,3.685,전년 동월 대비 거래량 증가폭이 같은 시점의 다른 지역보다 매우 크게 나타남,1,MEDIUM
2022-04-01,세종특별자치시,price_volume_cross,가격 ↑ + 거래량 ↓,509.4651603653711,720.48823673454,41.42051170247448,2072.0,554,-73.26254826254826,1.25,1.5,0.25,2.3176045230232014,-1.311013154721906,3.629,주택가격은 상승했지만 거래량은 감소하는 엇갈린 흐름이 나타남,6,MEDIUM
2016-08-01,세종특별자치시,transaction_surge,거래량 급증,218.4006696046476,352.0803355478676,61.20845059001381,147.0,708,381.6326530612245,1.5,1.25,-0.25,3.3800514770057917,3.6203966305017525,3.62,전년 동월 대비 거래량 증가폭이 같은 시점의 다른 지역보다 매우 크게 나타남,2,MEDIUM
2022-06-01,세종특별자치시,price_volume_cross,가격 ↑ + 거래량 ↓,435.3172467718117,653.3130630514174,50.077459116586894,677.0,260,-61.595273264401776,0.75,1.75,1.0,2.36949674174169,-1.246631732488849,3.616,주택가격은 상승했지만 거래량은 감소하는 엇갈린 흐름이 나타남,7,MEDIUM
2020-08-01,세종특별자치시,price_surge,주택가격 급등,440.1905766165667,734.1845814471218,66.78789152877347,672.0,1333,98.36309523809523,1.5,0.5,-1.0,3.5517327666171457,0.9149460117591078,3.552,전년 동월 대비 주택가격 상승폭이 같은 시점의 다른 지역보다 매우 크게 나타남,3,MEDIUM
2016-11-01,세종특별자치시,transaction_surge,거래량 급증,221.71575456474105,374.6296607832967,68.96844408677542,178.0,724,306.7415730337079,1.5,1.25,-0.25,3.7456593867663415,3.5371838714774846,3.537,전년 동월 대비 거래량 증가폭이 같은 시점의 다른 지역보다 매우 크게 나타남,3,MEDIUM
2016-03-01,세종특별자치시,transaction_surge,거래량 급증,246.9577624015102,295.7221203172433,19.74603164586938,186.0,576,209.6774193548387,1.75,1.5,-0.25,1.4742232780002933,3.5296611846415105,3.53,전년 동월 대비 거래량 증가폭이 같은 시점의 다른 지역보다 매우 크게 나타남,4,MEDIUM
2018-12-01,세종특별자치시,rate_price_reverse,금리 ↑ + 주택가격 ↑,327.69865578803973,397.590563850618,21.32810337427365,252.0,335,32.93650793650794,1.5,1.75,0.25,3.2754312632065736,1.392297254291121,3.525,금리가 상승한 기간에도 주택가격 상승폭이 같은 시점의 다른 지역보다 크게 나타남,25,MEDIUM
2017-07-01,대구광역시,transaction_surge,거래량 급증,302.185030218503,349.97241960165604,15.81394993279418,1537.0,4340,182.36824983734547,1.25,1.25,0.0,1.9055782937682555,3.5174695498006114,3.517,전년 동월 대비 거래량 증가폭이 같은 시점의 다른 지역보다 매우 크게 나타남,5,MEDIUM
2019-06-01,서울특별시,price_surge,주택가격 급등,661.332078136032,960.8189306216448,45.2853963064544,5238.0,6810,30.011454753722795,1.5,1.75,0.25,3.4965508329553954,-0.37043642394542636,3.497,전년 동월 대비 주택가격 상승폭이 같은 시점의 다른 지역보다 매우 크게 나타남,4,MEDIUM
2016-06-01,세종특별자치시,transaction_surge,거래량 급증,232.50143186857431,337.1974397802034,45.030263715025384,167.0,600,259.2814371257485,1.5,1.25,-0.25,2.850918691256711,3.4864996624467315,3.486,전년 동월 대비 거래량 증가폭이 같은 시점의 다른 지역보다 매우 크게 나타남,6,MEDIUM
2016-10-01,세종특별자치시,transaction_surge,거래량 급증,282.0602662929222,374.4156695108694,32.743145439008856,218.0,980,349.54128440366975,1.5,1.25,-0.25,3.0511774224932164,3.478523733962405,3.479,전년 동월 대비 거래량 증가폭이 같은 시점의 다른 지역보다 매우 크게 나타남,7,MEDIUM
2019-05-01,서울특별시,price_surge,주택가격 급등,653.5344593298257,912.0866188066376,39.56213108363821,4698.0,4397,-6.4069816943380165,1.5,1.75,0.25,3.4642363090941566,-0.856828753045958,3.464,전년 동월 대비 주택가격 상승폭이 같은 시점의 다른 지역보다 매우 크게 나타남,5,MEDIUM
2022-07-01,세종특별자치시,rate_price_reverse,금리 ↑ + 주택가격 ↑,514.1405339716689,674.760447499122,31.24046888244449,1183.0,272,-77.00760777683855,0.5,2.25,1.75,1.7082543915581734,-1.2152740898856123,3.458,금리가 상승한 기간에도 주택가격 상승폭이 같은 시점의 다른 지역보다 크게 나타남,26,MEDIUM
2016-01-01,세종특별자치시,transaction_surge,거래량 급증,229.62031397928476,293.10385004430213,27.647177623293622,131.0,332,153.4351145038168,2.0,1.5,-0.5,2.406880517722046,3.450991976588849,3.451,전년 동월 대비 거래량 증가폭이 같은 시점의 다른 지역보다 매우 크게 나타남,8,MEDIUM
2019-04-01,서울특별시,rate_price_reverse,금리 ↑ + 주택가격 ↑,647.9888781545278,828.511521404555,27.858910752319638,4485.0,3015,-32.77591973244147,1.5,1.75,0.25,3.186512376518743,-1.4040304177592329,3.437,금리가 상승한 기간에도 주택가격 상승폭이 같은 시점의 다른 지역보다 크게 나타남,27,MEDIUM
2017-02-01,제주특별자치도,price_volume_cross,가격 ↑ + 거래량 ↓,307.9838900734423,363.3996212121212,17.993061625874123,283.0,195,-31.09540636042403,1.5,1.25,-0.25,2.2848237729900918,-1.1515499603756534,3.436,주택가격은 상승했지만 거래량은 감소하는 엇갈린 흐름이 나타남,8,MEDIUM
2016-04-01,세종특별자치시,transaction_surge,거래량 급증,315.30929202033394,305.9327418633657,-2.973762713077145,170.0,494,190.58823529411762,1.75,1.5,-0.25,-0.7817698644840511,3.4346453809417845,3.435,전년 동월 대비 거래량 증가폭이 같은 시점의 다른 지역보다 매우 크게 나타남,9,MEDIUM
2020-07-01,세종특별자치시,price_surge,주택가격 급등,446.91215633665325,688.762731674737,54.115908889240586,588.0,2459,318.19727891156464,1.5,0.5,-1.0,3.4149245597175595,2.344424032293113,3.415,전년 동월 대비 주택가격 상승폭이 같은 시점의 다른 지역보다 매우 크게 나타남,6,MEDIUM
2016-09-01,세종특별자치시,transaction_surge,거래량 급증,297.99472040819813,360.7828976623738,21.07023143502924,170.0,648,281.17647058823525,1.5,1.25,-0.25,1.3699911849880233,3.4113740301212947,3.411,전년 동월 대비 거래량 증가폭이 같은 시점의 다른 지역보다 매우 크게 나타남,10,MEDIUM
2016-07-01,세종특별자치시,transaction_surge,거래량 급증,224.6151058269172,353.4405725007697,57.35387484273752,168.0,560,233.33333333333334,1.5,1.25,-0.25,3.0263939317498583,3.394650064971624,3.395,전년 동월 대비 거래량 증가폭이 같은 시점의 다른 지역보다 매우 크게 나타남,11,MEDIUM
2019-09-01,서울특별시,price_volume_cross,가격 ↑ + 거래량 ↓,741.2515083606276,925.2120277563608,24.817557511968573,7195.0,7021,-2.4183460736622657,1.5,1.5,0.0,2.5015603884029245,-0.8924200846072984,3.394,주택가격은 상승했지만 거래량은 감소하는 엇갈린 흐름이 나타남,9,MEDIUM
2016-08-01,세종특별자치시,price_surge,주택가격 급등,218.4006696046476,352.0803355478676,61.20845059001381,147.0,708,381.6326530612245,1.5,1.25,-0.25,3.3800514770057917,3.6203966305017525,3.38,전년 동월 대비 주택가격 상승폭이 같은 시점의 다른 지역보다 매우 크게 나타남,7,MEDIUM
2022-06-01,세종특별자치시,rate_price_reverse,금리 ↑ + 주택가격 ↑,435.3172467718117,653.3130630514174,50.077459116586894,677.0,260,-61.595273264401776,0.75,1.75,1.0,2.36949674174169,-1.246631732488849,3.369,금리가 상승한 기간에도 주택가격 상승폭이 같은 시점의 다른 지역보다 크게 나타남,28,MEDIUM
2019-08-01,서울특별시,price_volume_cross,가격 ↑ + 거래량 ↓,746.0797980184007,884.5327628021253,18.557393612782143,14936.0,6600,-55.81146223888591,1.5,1.5,0.0,1.9143291172342893,-1.4453536219989418,3.36,주택가격은 상승했지만 거래량은 감소하는 엇갈린 흐름이 나타남,10,MEDIUM
2017-08-01,대구광역시,transaction_surge,거래량 급증,309.85489721886336,332.3868381493235,7.271771765654853,1821.0,3917,115.10159253157606,1.25,1.25,0.0,1.0950501549669809,3.352663792029542,3.353,전년 동월 대비 거래량 증가폭이 같은 시점의 다른 지역보다 매우 크게 나타남,12,MEDIUM
2017-11-01,서울특별시,rate_price_reverse,금리 ↑ + 주택가격 ↑,588.662270062234,745.2302903096479,26.597257580456336,5762.0,8125,41.01006594932315,1.25,1.5,0.25,3.078554057827944,1.8924621987197419,3.329,금리가 상승한 기간에도 주택가격 상승폭이 같은 시점의 다른 지역보다 크게 나타남,29,MEDIUM
2016-02-01,세종특별자치시,transaction_surge,거래량 급증,317.15437182407567,330.85194375516954,4.318897403908992,113.0,322,184.95575221238937,2.0,1.5,-0.5,0.07472237504473106,3.3275527498111304,3.328,전년 동월 대비 거래량 증가폭이 같은 시점의 다른 지역보다 매우 크게 나타남,13,MEDIUM
2017-06-01,대구광역시,transaction_surge,거래량 급증,298.9576329868452,333.0273414218424,11.396166103742296,1526.0,3573,134.14154652686761,1.25,1.25,0.0,1.0844982068787186,3.3025534348505556,3.303,전년 동월 대비 거래량 증가폭이 같은 시점의 다른 지역보다 매우 크게 나타남,14,MEDIUM
2019-12-01,세종특별자치시,transaction_surge,거래량 급증,397.590563850618,520.1223817368792,30.81859305199673,335.0,3976,1086.865671641791,1.75,1.25,-0.5,1.9729023044019902,3.300347919531278,3.3,전년 동월 대비 거래량 증가폭이 같은 시점의 다른 지역보다 매우 크게 나타남,15,MEDIUM
2018-12-01,세종특별자치시,price_surge,주택가격 급등,327.69865578803973,397.590563850618,21.32810337427365,252.0,335,32.93650793650794,1.5,1.75,0.25,3.2754312632065736,1.392297254291121,3.275,전년 동월 대비 주택가격 상승폭이 같은 시점의 다른 지역보다 매우 크게 나타남,8,MEDIUM
2018-08-01,서울특별시,transaction_surge,거래량 급증,626.9215144580029,746.0797980184007,19.006890146913296,5110.0,14936,192.28962818003913,1.25,1.5,0.25,1.8347380280372008,3.2537031735605946,3.254,전년 동월 대비 거래량 증가폭이 같은 시점의 다른 지역보다 매우 크게 나타남,16,MEDIUM
2017-03-01,제주특별자치도,price_volume_cross,가격 ↑ + 거래량 ↓,313.508064516129,364.89492541427865,16.3909215469339,359.0,168,-53.2033426183844,1.5,1.25,-0.25,1.7414296142207024,-1.511616437319926,3.253,주택가격은 상승했지만 거래량은 감소하는 엇갈린 흐름이 나타남,11,MEDIUM
2016-12-01,세종특별자치시,transaction_surge,거래량 급증,315.38618010688486,360.3370430662685,14.252641933818952,170.0,552,224.7058823529412,1.5,1.25,-0.25,1.424414833597058,3.2334639589242347,3.233,전년 동월 대비 거래량 증가폭이 같은 시점의 다른 지역보다 매우 크게 나타남,17,MEDIUM
2017-10-01,서울특별시,price_volume_cross,가격 ↑ + 거래량 ↓,606.1211576248044,702.8490699317165,15.95851111450357,12129.0,6311,-47.96768076510842,1.25,1.25,0.0,3.0221155086973046,-0.20733933522733677,3.229,주택가격은 상승했지만 거래량은 감소하는 엇갈린 흐름이 나타남,12,MEDIUM
2016-12-01,제주특별자치도,price_volume_cross,가격 ↑ + 거래량 ↓,319.8570762777691,379.4923347574768,18.64434552259817,376.0,251,-33.244680851063826,1.5,1.25,-0.25,2.3028121858703225,-0.9254021434570695,3.228,주택가격은 상승했지만 거래량은 감소하는 엇갈린 흐름이 나타남,13,MEDIUM
2018-03-01,세종특별자치시,rate_price_reverse,금리 ↑ + 주택가격 ↑,345.6465541389549,422.9423311466036,22.36266384897176,327.0,478,46.17737003058104,1.25,1.5,0.25,2.973772908758885,0.9054069198537972,3.224,금리가 상승한 기간에도 주택가격 상승폭이 같은 시점의 다른 지역보다 크게 나타남,30,MEDIUM
2016-05-01,세종특별자치시,transaction_surge,거래량 급증,301.5120071153276,226.0876937642188,-25.01535977711799,180.0,422,134.44444444444446,1.75,1.5,-0.25,-2.17088259673829,3.205629322088981,3.206,전년 동월 대비 거래량 증가폭이 같은 시점의 다른 지역보다 매우 크게 나타남,18,MEDIUM
2022-05-01,세종특별자치시,rate_price_reverse,금리 ↑ + 주택가격 ↑,482.37110102968586,685.4403783433388,42.09814329261731,867.0,476,-45.09803921568628,0.75,1.75,1.0,2.205426677334899,-0.8045538762485465,3.205,금리가 상승한 기간에도 주택가격 상승폭이 같은 시점의 다른 지역보다 크게 나타남,31,MEDIUM
2019-04-01,서울특별시,price_surge,주택가격 급등,647.9888781545278,828.511521404555,27.858910752319638,4485.0,3015,-32.77591973244147,1.5,1.75,0.25,3.186512376518743,-1.4040304177592329,3.187,전년 동월 대비 주택가격 상승폭이 같은 시점의 다른 지역보다 매우 크게 나타남,9,MEDIUM
2019-03-01,서울특별시,rate_price_reverse,금리 ↑ + 주택가격 ↑,646.2984723854289,746.93784636006,15.571655864074737,9337.0,2274,-75.64528221056014,1.5,1.75,0.25,2.9241977835878967,-1.5042444017120915,3.174,금리가 상승한 기간에도 주택가격 상승폭이 같은 시점의 다른 지역보다 크게 나타남,32,MEDIUM
2018-07-01,서울특별시,price_volume_cross,가격 ↑ + 거래량 ↓,658.0964736407594,727.9151943462897,10.60919234520056,14933.0,7013,-53.036898145047886,1.25,1.5,0.25,2.205645981510369,-0.9679399368062408,3.174,주택가격은 상승했지만 거래량은 감소하는 엇갈린 흐름이 나타남,14,MEDIUM
2017-12-01,서울특별시,rate_price_reverse,금리 ↑ + 주택가격 ↑,591.6919621828641,758.8392261507672,28.249034066858886,4212.0,8531,102.5403608736942,1.25,1.5,0.25,2.8877159020118146,2.765629415228073,3.138,금리가 상승한 기간에도 주택가격 상승폭이 같은 시점의 다른 지역보다 크게 나타남,33,MEDIUM
2022-12-01,경기도,transaction_surge,거래량 급증,337.0627054899827,544.4431293644219,61.525769685190646,1855.0,6418,245.98382749326143,0.5,3.25,2.75,2.808405374393709,3.1090559026508737,3.109,전년 동월 대비 거래량 증가폭이 같은 시점의 다른 지역보다 매우 크게 나타남,19,MEDIUM
2017-02-01,대구광역시,transaction_surge,거래량 급증,302.1764477263894,300.4763925614267,-0.5626034648809197,933.0,1940,107.93140407288317,1.5,1.25,-0.25,-0.7909483332878345,3.0960308190409895,3.096,전년 동월 대비 거래량 증가폭이 같은 시점의 다른 지역보다 매우 크게 나타남,20,MEDIUM
2017-11-01,서울특별시,price_surge,주택가격 급등,588.662270062234,745.2302903096479,26.597257580456336,5762.0,8125,41.01006594932315,1.25,1.5,0.25,3.078554057827944,1.8924621987197419,3.079,전년 동월 대비 주택가격 상승폭이 같은 시점의 다른 지역보다 매우 크게 나타남,10,MEDIUM
2017-04-01,세종특별자치시,price_volume_cross,가격 ↑ + 거래량 ↓,305.9327418633657,365.26452221043945,19.393733402216956,494.0,337,-31.781376518218625,1.5,1.25,-0.25,2.3196592393388418,-0.7567304272413342,3.076,주택가격은 상승했지만 거래량은 감소하는 엇갈린 흐름이 나타남,15,MEDIUM
2022-03-01,경기도,price_volume_cross,가격 ↑ + 거래량 ↓,392.7210972603872,560.8353866009621,42.80755236052662,31141.0,11918,-61.72891043961337,0.5,1.25,0.75,1.8361834662606984,-1.218518505455468,3.055,주택가격은 상승했지만 거래량은 감소하는 엇갈린 흐름이 나타남,16,MEDIUM
2016-10-01,세종특별자치시,price_surge,주택가격 급등,282.0602662929222,374.4156695108694,32.743145439008856,218.0,980,349.54128440366975,1.5,1.25,-0.25,3.0511774224932164,3.478523733962405,3.051,전년 동월 대비 주택가격 상승폭이 같은 시점의 다른 지역보다 매우 크게 나타남,11,MEDIUM
2017-01-01,세종특별자치시,price_volume_cross,가격 ↑ + 거래량 ↓,293.10385004430213,356.6751551800218,21.689003786920914,332.0,236,-28.915662650602407,1.5,1.25,-0.25,2.5306368560191874,-0.5099517423456541,3.041,주택가격은 상승했지만 거래량은 감소하는 엇갈린 흐름이 나타남,17,MEDIUM
2017-01-01,대구광역시,transaction_surge,거래량 급증,300.7518796992481,297.7185358515795,-1.0085868293498157,787.0,1296,64.67598475222364,1.5,1.25,-0.25,-1.5715695694970235,3.035078558810754,3.035,전년 동월 대비 거래량 증가폭이 같은 시점의 다른 지역보다 매우 크게 나타남,21,MEDIUM
2016-07-01,세종특별자치시,price_surge,주택가격 급등,224.6151058269172,353.4405725007697,57.35387484273752,168.0,560,233.33333333333334,1.5,1.25,-0.25,3.0263939317498583,3.394650064971624,3.026,전년 동월 대비 주택가격 상승폭이 같은 시점의 다른 지역보다 매우 크게 나타남,12,MEDIUM
2017-10-01,서울특별시,price_surge,주택가격 급등,606.1211576248044,702.8490699317165,15.95851111450357,12129.0,6311,-47.96768076510842,1.25,1.25,0.0,3.0221155086973046,-0.20733933522733677,3.022,전년 동월 대비 주택가격 상승폭이 같은 시점의 다른 지역보다 매우 크게 나타남,13,MEDIUM
2022-05-01,세종특별자치시,price_volume_cross,가격 ↑ + 거래량 ↓,482.37110102968586,685.4403783433388,42.09814329261731,867.0,476,-45.09803921568628,0.75,1.75,1.0,2.205426677334899,-0.8045538762485465,3.01,주택가격은 상승했지만 거래량은 감소하는 엇갈린 흐름이 나타남,18,MEDIUM
2019-07-01,서울특별시,price_surge,주택가격 급등,727.9151943462897,944.9562957713206,29.81681150644842,7013.0,8807,25.581063738770855,1.5,1.5,0.0,3.003442062287283,-0.8981419492965037,3.003,전년 동월 대비 주택가격 상승폭이 같은 시점의 다른 지역보다 매우 크게 나타남,14,MEDIUM
2020-10-01,제주특별자치도,transaction_surge,거래량 급증,342.2462165589069,377.2609314499342,10.230855213851765,242.0,394,62.8099173553719,1.25,0.5,-0.75,0.8702582305744574,2.9886466546993735,2.989,전년 동월 대비 거래량 증가폭이 같은 시점의 다른 지역보다 매우 크게 나타남,22,MEDIUM
2022-11-01,경기도,transaction_surge,거래량 급증,361.2514783356628,542.8226779252111,50.26171807685682,3191.0,6174,93.48166718896897,0.5,3.25,2.75,2.5129409653514965,2.9771638528274287,2.977,전년 동월 대비 거래량 증가폭이 같은 시점의 다른 지역보다 매우 크게 나타남,23,MEDIUM
2018-03-01,세종특별자치시,price_surge,주택가격 급등,345.6465541389549,422.9423311466036,22.36266384897176,327.0,478,46.17737003058104,1.25,1.5,0.25,2.973772908758885,0.9054069198537972,2.974,전년 동월 대비 주택가격 상승폭이 같은 시점의 다른 지역보다 매우 크게 나타남,15,MEDIUM
2017-03-01,세종특별자치시,price_volume_cross,가격 ↑ + 거래량 ↓,295.7221203172433,345.6465541389549,16.882211505907613,576.0,327,-43.22916666666667,1.5,1.25,-0.25,1.8228684185159192,-1.1506307645884837,2.973,주택가격은 상승했지만 거래량은 감소하는 엇갈린 흐름이 나타남,19,MEDIUM
2018-01-01,서울특별시,transaction_surge,거래량 급증,593.9662394090954,736.9471512049665,24.072228741168033,3716.0,12548,237.67491926803012,1.25,1.5,0.25,2.387724419796688,2.9422158307928443,2.942,전년 동월 대비 거래량 증가폭이 같은 시점의 다른 지역보다 매우 크게 나타남,24,MEDIUM
2023-01-01,서울특별시,transaction_surge,거래량 급증,1119.1612530659029,1167.4718196457327,4.316676122183886,1088.0,2898,166.36029411764704,1.25,3.5,2.25,-1.2888865658953297,2.9293846428124395,2.929,전년 동월 대비 거래량 증가폭이 같은 시점의 다른 지역보다 매우 크게 나타남,25,MEDIUM
2016-02-01,제주특별자치도,price_volume_cross,가격 ↑ + 거래량 ↓,243.30900243309003,307.9838900734423,26.58137882018478,309.0,283,-8.414239482200648,2.0,1.5,-0.5,2.872023466486855,-0.05701476689050215,2.929,주택가격은 상승했지만 거래량은 감소하는 엇갈린 흐름이 나타남,20,MEDIUM
2022-07-01,세종특별자치시,price_volume_cross,가격 ↑ + 거래량 ↓,514.1405339716689,674.760447499122,31.24046888244449,1183.0,272,-77.00760777683855,0.5,2.25,1.75,1.7082543915581734,-1.2152740898856123,2.924,주택가격은 상승했지만 거래량은 감소하는 엇갈린 흐름이 나타남,21,MEDIUM
2019-03-01,서울특별시,price_surge,주택가격 급등,646.2984723854289,746.93784636006,15.571655864074737,9337.0,2274,-75.64528221056014,1.5,1.75,0.25,2.9241977835878967,-1.5042444017120915,2.924,전년 동월 대비 주택가격 상승폭이 같은 시점의 다른 지역보다 매우 크게 나타남,16,MEDIUM
2017-09-01,서울특별시,price_volume_cross,가격 ↑ + 거래량 ↓,603.4274680183441,688.3750482282953,14.077512992393112,11303.0,6854,-39.36123153145183,1.25,1.25,0.0,2.2777961961817605,-0.6366614866522782,2.914,주택가격은 상승했지만 거래량은 감소하는 엇갈린 흐름이 나타남,22,MEDIUM
2022-07-01,경기도,rate_price_reverse,금리 ↑ + 주택가격 ↑,417.90151178159886,511.8249205788917,22.475010534630112,24326.0,6006,-75.31036750801611,0.5,2.25,1.75,1.1405867481832148,-1.1226595480259127,2.891,금리가 상승한 기간에도 주택가격 상승폭이 같은 시점의 다른 지역보다 크게 나타남,34,MEDIUM
2017-12-01,서울특별시,price_surge,주택가격 급등,591.6919621828641,758.8392261507672,28.249034066858886,4212.0,8531,102.5403608736942,1.25,1.5,0.25,2.8877159020118146,2.765629415228073,2.888,전년 동월 대비 주택가격 상승폭이 같은 시점의 다른 지역보다 매우 크게 나타남,17,MEDIUM
2016-02-01,제주특별자치도,price_surge,주택가격 급등,243.30900243309003,307.9838900734423,26.58137882018478,309.0,283,-8.414239482200648,2.0,1.5,-0.5,2.872023466486855,-0.05701476689050215,2.872,전년 동월 대비 주택가격 상승폭이 같은 시점의 다른 지역보다 매우 크게 나타남,18,MEDIUM
2020-03-01,세종특별자치시,price_surge,주택가격 급등,372.9538989247752,482.37110102968586,29.3379965782259,400.0,867,116.75,1.75,0.75,-1.0,2.8628473883642607,1.4037960567502075,2.863,전년 동월 대비 주택가격 상승폭이 같은 시점의 다른 지역보다 매우 크게 나타남,19,MEDIUM
2016-06-01,세종특별자치시,price_surge,주택가격 급등,232.50143186857431,337.1974397802034,45.030263715025384,167.0,600,259.2814371257485,1.5,1.25,-0.25,2.850918691256711,3.4864996624467315,2.851,전년 동월 대비 주택가격 상승폭이 같은 시점의 다른 지역보다 매우 크게 나타남,20,MEDIUM
2020-09-01,서울특별시,price_volume_cross,가격 ↑ + 거래량 ↓,925.2120277563608,1084.343029560134,17.199409111624487,7021.0,3727,-46.91639367611452,1.5,0.5,-1.0,1.4742234394634368,-1.3574665645716917,2.832,주택가격은 상승했지만 거래량은 감소하는 엇갈린 흐름이 나타남,23,MEDIUM
2017-05-01,대구광역시,transaction_surge,거래량 급증,288.77889393590726,312.81351973057656,8.322847098376808,1286.0,2492,93.7791601866252,1.5,1.25,-0.25,-0.1327141603411723,2.815306620976102,2.815,전년 동월 대비 거래량 증가폭이 같은 시점의 다른 지역보다 매우 크게 나타남,26,MEDIUM
2022-12-01,경기도,price_surge,주택가격 급등,337.0627054899827,544.4431293644219,61.525769685190646,1855.0,6418,245.98382749326143,0.5,3.25,2.75,2.808405374393709,3.1090559026508737,2.808,전년 동월 대비 주택가격 상승폭이 같은 시점의 다른 지역보다 매우 크게 나타남,21,MEDIUM
2018-11-01,세종특별자치시,rate_price_reverse,금리 ↑ + 주택가격 ↑,365.88263245426464,418.1373113271661,14.281814504937815,195.0,246,26.153846153846157,1.5,1.75,0.25,2.5247700458021294,1.5133916395078824,2.775,금리가 상승한 기간에도 주택가격 상승폭이 같은 시점의 다른 지역보다 크게 나타남,35,MEDIUM
2022-07-01,인천광역시,price_volume_cross,가격 ↑ + 거래량 ↓,347.6933070797164,470.56098108344855,35.3379462595068,4936.0,1514,-69.32739059967585,0.5,2.25,1.75,1.9736147679495744,-0.7961821037289183,2.77,주택가격은 상승했지만 거래량은 감소하는 엇갈린 흐름이 나타남,24,MEDIUM
2018-04-01,세종특별자치시,price_volume_cross,가격 ↑ + 거래량 ↓,365.26452221043945,408.5874373479932,11.860696153948995,337.0,262,-22.255192878338278,1.25,1.5,0.25,2.2192447297268303,-0.5481768466231699,2.767,주택가격은 상승했지만 거래량은 감소하는 엇갈린 흐름이 나타남,25,MEDIUM
2017-12-01,서울특별시,transaction_surge,거래량 급증,591.6919621828641,758.8392261507672,28.249034066858886,4212.0,8531,102.5403608736942,1.25,1.5,0.25,2.8877159020118146,2.765629415228073,2.766,전년 동월 대비 거래량 증가폭이 같은 시점의 다른 지역보다 매우 크게 나타남,27,MEDIUM
2022-06-01,광주광역시,transaction_surge,거래량 급증,258.84454149807453,300.2295966955154,15.98838243137096,1495.0,2164,44.74916387959866,0.75,1.75,1.0,0.10739379192570549,2.7429558646984944,2.743,전년 동월 대비 거래량 증가폭이 같은 시점의 다른 지역보다 매우 크게 나타남,28,MEDIUM
2022-04-01,경기도,price_volume_cross,가격 ↑ + 거래량 ↓,439.35638434564913,556.6731683257108,26.70196409112984,63641.0,13392,-78.95696170707562,0.5,1.5,1.0,1.2624958932698285,-1.4707208930495232,2.733,주택가격은 상승했지만 거래량은 감소하는 엇갈린 흐름이 나타남,26,MEDIUM
2016-03-01,제주특별자치도,price_surge,주택가격 급등,236.3636363636364,313.508064516129,32.63802729528533,305.0,359,17.704918032786885,1.75,1.5,-0.25,2.7283119236059425,0.43807701301258745,2.728,전년 동월 대비 주택가격 상승폭이 같은 시점의 다른 지역보다 매우 크게 나타남,22,MEDIUM
2020-05-01,충청북도,price_surge,주택가격 급등,183.7847845130464,262.76828627005506,42.97608312150663,2324.0,7508,223.06368330464716,1.75,0.5,-1.25,2.7260283290343823,1.9743380765540601,2.726,전년 동월 대비 주택가격 상승폭이 같은 시점의 다른 지역보다 매우 크게 나타남,23,MEDIUM
2017-03-01,대구광역시,transaction_surge,거래량 급증,298.95544177534384,303.0816284290663,1.3802012196931934,1318.0,2156,63.58118361153262,1.5,1.25,-0.25,-0.7468262369960675,2.7150526098076324,2.715,전년 동월 대비 거래량 증가폭이 같은 시점의 다른 지역보다 매우 크게 나타남,29,MEDIUM
2023-04-01,울산광역시,price_volume_cross,가격 ↑ + 거래량 ↓,300.3419039751432,370.2004979688114,23.259689397004625,2540.0,1762,-30.62992125984252,1.5,3.5,2.0,1.9124905261706164,-0.7985565227884382,2.711,주택가격은 상승했지만 거래량은 감소하는 엇갈린 흐름이 나타남,27,MEDIUM
2018-11-01,서울특별시,transaction_drop,거래량 급감,745.2302903096479,713.8168690515262,-4.215263612683974,8125.0,1763,-78.30153846153847,1.5,1.75,0.25,-0.47169074669686584,-2.708945714404293,2.709,전년 동월 대비 거래량 감소폭이 같은 시점의 다른 지역보다 매우 크게 나타남,1,MEDIUM
2022-08-01,인천광역시,price_volume_cross,가격 ↑ + 거래량 ↓,366.6895133653187,460.6141522029373,25.614214591417863,6727.0,1782,-73.50973688122492,0.5,2.5,2.0,1.9859562548061085,-0.7191895546005177,2.705,주택가격은 상승했지만 거래량은 감소하는 엇갈린 흐름이 나타남,28,MEDIUM
2023-04-01,부산광역시,price_volume_cross,가격 ↑ + 거래량 ↓,364.9156077821068,465.1564378682344,27.469592406686523,4608.0,4012,-12.934027777777779,1.5,3.5,2.0,2.376758405865482,-0.31736773824896286,2.694,주택가격은 상승했지만 거래량은 감소하는 엇갈린 흐름이 나타남,29,MEDIUM
2022-05-01,인천광역시,rate_price_reverse,금리 ↑ + 주택가격 ↑,348.3799512210182,468.1647940074906,34.38339157194465,5340.0,2874,-46.17977528089888,0.75,1.75,1.0,1.690735810330118,-0.8289927639752179,2.691,금리가 상승한 기간에도 주택가격 상승폭이 같은 시점의 다른 지역보다 크게 나타남,36,MEDIUM
2018-05-01,세종특별자치시,price_volume_cross,가격 ↑ + 거래량 ↓,384.00196079513455,419.62774957698815,9.277501788815083,480.0,329,-31.458333333333332,1.25,1.5,0.25,2.0552604782640507,-0.6262421618540581,2.682,주택가격은 상승했지만 거래량은 감소하는 엇갈린 흐름이 나타남,30,MEDIUM
2016-04-01,제주특별자치도,price_volume_cross,가격 ↑ + 거래량 ↓,261.49180715431135,331.0828356271099,26.613081774960367,264.0,217,-17.803030303030305,1.75,1.5,-0.25,2.4428740439297343,-0.2390068352130401,2.682,주택가격은 상승했지만 거래량은 감소하는 엇갈린 흐름이 나타남,31,MEDIUM
2018-12-01,강원도,transaction_surge,거래량 급증,197.84131028755388,190.83969465648855,-3.539005893606743,960.0,1646,71.45833333333333,1.5,1.75,0.25,-0.04034959264687985,2.65886950527257,2.659,전년 동월 대비 거래량 증가폭이 같은 시점의 다른 지역보다 매우 크게 나타남,30,MEDIUM
2016-05-01,제주특별자치도,price_volume_cross,가격 ↑ + 거래량 ↓,248.329695036063,323.1577941767909,30.132561927344696,222.0,190,-14.414414414414415,1.75,1.5,-0.25,2.374098737715412,-0.27434535261109716,2.648,주택가격은 상승했지만 거래량은 감소하는 엇갈린 흐름이 나타남,32,MEDIUM
2018-01-01,서울특별시,rate_price_reverse,금리 ↑ + 주택가격 ↑,593.9662394090954,736.9471512049665,24.072228741168033,3716.0,12548,237.67491926803012,1.25,1.5,0.25,2.387724419796688,2.9422158307928443,2.638,금리가 상승한 기간에도 주택가격 상승폭이 같은 시점의 다른 지역보다 크게 나타남,37,MEDIUM
2020-10-01,대전광역시,price_volume_cross,가격 ↑ + 거래량 ↓,309.6374349651708,363.445972063549,17.377917209665153,3140.0,1214,-61.33757961783439,1.25,0.5,-0.75,1.8210374644157423,-0.8117642648468761,2.633,주택가격은 상승했지만 거래량은 감소하는 엇갈린 흐름이 나타남,33,MEDIUM
2019-01-01,경기도,price_drop,주택가격 급락,429.7302706712032,342.1864534792584,-20.371806029677312,15551.0,12110,-22.12719439264356,1.5,1.75,0.25,-2.631969998006268,-0.6266479714288433,2.632,전년 동월 대비 주택가격 하락폭이 같은 시점의 다른 지역보다 매우 크게 나타남,1,MEDIUM
2022-10-01,경기도,transaction_surge,거래량 급증,371.35278514588856,500.1103188682728,34.672564438099194,4064.0,5608,37.99212598425197,0.5,3.0,2.5,2.3595043634023667,2.6256118711776435,2.626,전년 동월 대비 거래량 증가폭이 같은 시점의 다른 지역보다 매우 크게 나타남,31,MEDIUM
2018-10-01,서울특별시,price_volume_cross,가격 ↑ + 거래량 ↓,702.8490699317165,721.038521236066,2.5879597885953904,6311.0,3259,-48.360006338139755,1.25,1.5,0.25,0.44006885163069703,-2.1861595826957574,2.626,주택가격은 상승했지만 거래량은 감소하는 엇갈린 흐름이 나타남,34,MEDIUM
2017-04-01,대구광역시,transaction_surge,거래량 급증,295.45544162100293,301.8611662575205,2.168084839247787,1396.0,2010,43.98280802292264,1.5,1.25,-0.25,-0.473452181369108,2.604570083210416,2.605,전년 동월 대비 거래량 증가폭이 같은 시점의 다른 지역보다 매우 크게 나타남,32,MEDIUM
2022-03-01,경기도,rate_price_reverse,금리 ↑ + 주택가격 ↑,392.7210972603872,560.8353866009621,42.80755236052662,31141.0,11918,-61.72891043961337,0.5,1.25,0.75,1.8361834662606984,-1.218518505455468,2.586,금리가 상승한 기간에도 주택가격 상승폭이 같은 시점의 다른 지역보다 크게 나타남,38,MEDIUM
2016-09-01,제주특별자치도,price_surge,주택가격 급등,268.5158577653278,355.64177174264466,32.44721362172267,212.0,272,28.30188679245283,1.5,1.25,-0.25,2.585343603705502,-0.06372163960293399,2.585,전년 동월 대비 주택가격 상승폭이 같은 시점의 다른 지역보다 매우 크게 나타남,24,MEDIUM
2019-11-01,세종특별자치시,transaction_surge,거래량 급증,418.1373113271661,521.2599597885173,24.662388566578848,246.0,2014,718.6991869918699,1.75,1.25,-0.5,1.0638244406138568,2.5766894862649767,2.577,전년 동월 대비 거래량 증가폭이 같은 시점의 다른 지역보다 매우 크게 나타남,33,MEDIUM
2022-03-01,세종특별자치시,price_surge,주택가격 급등,448.9626292853817,698.6804725817522,55.62107556565429,2142.0,480,-77.59103641456583,1.25,1.25,0.0,2.5718435731472944,-1.6547870058681629,2.572,전년 동월 대비 주택가격 상승폭이 같은 시점의 다른 지역보다 매우 크게 나타남,25,MEDIUM
2022-04-01,세종특별자치시,rate_price_reverse,금리 ↑ + 주택가격 ↑,509.4651603653711,720.48823673454,41.42051170247448,2072.0,554,-73.26254826254826,1.25,1.5,0.25,2.3176045230232014,-1.311013154721906,2.568,금리가 상승한 기간에도 주택가격 상승폭이 같은 시점의 다른 지역보다 크게 나타남,39,MEDIUM
2018-10-01,대전광역시,rate_price_reverse,금리 ↑ + 주택가격 ↑,273.0030333670374,305.6988176358634,11.976344682173673,1501.0,2591,72.618254497002,1.25,1.5,0.25,2.315458520845251,1.2697007253911508,2.565,금리가 상승한 기간에도 주택가격 상승폭이 같은 시점의 다른 지역보다 크게 나타남,40,MEDIUM
2018-07-01,강원도,transaction_surge,거래량 급증,199.0140587913091,188.2302504641412,-5.418616349348503,1365.0,1800,31.868131868131865,1.25,1.5,0.25,-0.6432177227946385,2.537220507477032,2.537,전년 동월 대비 거래량 증가폭이 같은 시점의 다른 지역보다 매우 크게 나타남,34,MEDIUM
2017-01-01,세종특별자치시,price_surge,주택가격 급등,293.10385004430213,356.6751551800218,21.689003786920914,332.0,236,-28.915662650602407,1.5,1.25,-0.25,2.5306368560191874,-0.5099517423456541,2.531,전년 동월 대비 주택가격 상승폭이 같은 시점의 다른 지역보다 매우 크게 나타남,26,MEDIUM
2022-06-01,인천광역시,rate_price_reverse,금리 ↑ + 주택가격 ↑,338.4469010729208,465.0469775017239,37.40618573473841,3962.0,2172,-45.17920242301868,0.75,1.75,1.0,1.5286489487759343,-0.6307710971587038,2.529,금리가 상승한 기간에도 주택가격 상승폭이 같은 시점의 다른 지역보다 크게 나타남,41,MEDIUM
2018-11-01,세종특별자치시,price_surge,주택가격 급등,365.88263245426464,418.1373113271661,14.281814504937815,195.0,246,26.153846153846157,1.5,1.75,0.25,2.5247700458021294,1.5133916395078824,2.525,전년 동월 대비 주택가격 상승폭이 같은 시점의 다른 지역보다 매우 크게 나타남,27,MEDIUM
2022-05-01,인천광역시,price_volume_cross,가격 ↑ + 거래량 ↓,348.3799512210182,468.1647940074906,34.38339157194465,5340.0,2874,-46.17977528089888,0.75,1.75,1.0,1.690735810330118,-0.8289927639752179,2.52,주택가격은 상승했지만 거래량은 감소하는 엇갈린 흐름이 나타남,35,MEDIUM
2022-11-01,경기도,price_surge,주택가격 급등,361.2514783356628,542.8226779252111,50.26171807685682,3191.0,6174,93.48166718896897,0.5,3.25,2.75,2.5129409653514965,2.9771638528274287,2.513,전년 동월 대비 주택가격 상승폭이 같은 시점의 다른 지역보다 매우 크게 나타남,28,MEDIUM
2020-09-01,대전광역시,price_volume_cross,가격 ↑ + 거래량 ↓,306.0515818443538,352.7172215540349,15.247638789664375,2530.0,1388,-45.13833992094862,1.5,0.5,-1.0,1.1747583816093201,-1.3309740493219984,2.506,주택가격은 상승했지만 거래량은 감소하는 엇갈린 흐름이 나타남,36,MEDIUM
2019-09-01,서울특별시,price_surge,주택가격 급등,741.2515083606276,925.2120277563608,24.817557511968573,7195.0,7021,-2.4183460736622657,1.5,1.5,0.0,2.5015603884029245,-0.8924200846072984,2.502,전년 동월 대비 주택가격 상승폭이 같은 시점의 다른 지역보다 매우 크게 나타남,29,MEDIUM
2022-05-01,광주광역시,transaction_surge,거래량 급증,266.6666666666667,284.33484623762934,6.625567339110994,1743.0,3504,101.03270223752152,0.75,1.75,1.0,-0.16113177243089977,2.4968732450597497,2.497,전년 동월 대비 거래량 증가폭이 같은 시점의 다른 지역보다 매우 크게 나타남,35,MEDIUM
2022-09-01,전라남도,transaction_surge,거래량 급증,178.11704834605598,182.9595969892304,2.718745166810776,1258.0,1696,34.81717011128776,0.5,2.5,2.0,0.2285370460881413,2.4803487653665854,2.48,전년 동월 대비 거래량 증가폭이 같은 시점의 다른 지역보다 매우 크게 나타남,37,MEDIUM
2020-08-01,울산광역시,transaction_surge,거래량 급증,300.5326026457815,329.78971056103046,9.735086196199639,960.0,2767,188.22916666666666,1.5,0.5,-1.0,-0.0855120636586403,2.4800693256496005,2.48,전년 동월 대비 거래량 증가폭이 같은 시점의 다른 지역보다 매우 크게 나타남,36,MEDIUM
2018-04-01,세종특별자치시,rate_price_reverse,금리 ↑ + 주택가격 ↑,365.26452221043945,408.5874373479932,11.860696153948995,337.0,262,-22.255192878338278,1.25,1.5,0.25,2.2192447297268303,-0.5481768466231699,2.469,금리가 상승한 기간에도 주택가격 상승폭이 같은 시점의 다른 지역보다 크게 나타남,42,MEDIUM
2020-02-01,세종특별자치시,price_surge,주택가격 급등,367.24323855119206,509.4651603653711,38.726900017344754,418.0,2072,395.6937799043062,1.75,1.25,-0.5,2.460805539983161,1.3443151458833047,2.461,전년 동월 대비 주택가격 상승폭이 같은 시점의 다른 지역보다 매우 크게 나타남,30,MEDIUM
2018-02-01,세종특별자치시,rate_price_reverse,금리 ↑ + 주택가격 ↑,339.49907654032864,418.5580380828863,23.286944503121894,326.0,345,5.828220858895705,1.25,1.5,0.25,2.2089709639007813,0.0833849039676804,2.459,금리가 상승한 기간에도 주택가격 상승폭이 같은 시점의 다른 지역보다 크게 나타남,43,MEDIUM
2018-07-01,서울특별시,rate_price_reverse,금리 ↑ + 주택가격 ↑,658.0964736407594,727.9151943462897,10.60919234520056,14933.0,7013,-53.036898145047886,1.25,1.5,0.25,2.205645981510369,-0.9679399368062408,2.456,금리가 상승한 기간에도 주택가격 상승폭이 같은 시점의 다른 지역보다 크게 나타남,44,MEDIUM
2016-04-01,제주특별자치도,price_surge,주택가격 급등,261.49180715431135,331.0828356271099,26.613081774960367,264.0,217,-17.803030303030305,1.75,1.5,-0.25,2.4428740439297343,-0.2390068352130401,2.443,전년 동월 대비 주택가격 상승폭이 같은 시점의 다른 지역보다 매우 크게 나타남,31,MEDIUM
2019-02-01,서울특별시,rate_price_reverse,금리 ↑ + 주택가격 ↑,676.5327695560254,735.6232345465294,8.734309356408867,9139.0,1454,-84.09016303753147,1.5,1.75,0.25,2.171738255658932,-1.6695027197614558,2.422,금리가 상승한 기간에도 주택가격 상승폭이 같은 시점의 다른 지역보다 크게 나타남,45,MEDIUM
2018-06-01,서울특별시,price_volume_cross,가격 ↑ + 거래량 ↓,630.9834638816362,661.332078136032,4.809732107351828,12836.0,5238,-59.1928949828607,1.25,1.5,0.25,1.097119612855114,-1.3137016257355327,2.411,주택가격은 상승했지만 거래량은 감소하는 엇갈린 흐름이 나타남,37,MEDIUM
2018-10-01,강원도,transaction_surge,거래량 급증,194.6182411291016,192.80205655526996,-0.9332036726335707,1102.0,2342,112.52268602540836,1.25,1.5,0.25,-0.263305973076525,2.409609169138037,2.41,전년 동월 대비 거래량 증가폭이 같은 시점의 다른 지역보다 매우 크게 나타남,38,MEDIUM
2016-01-01,세종특별자치시,price_surge,주택가격 급등,229.62031397928476,293.10385004430213,27.647177623293622,131.0,332,153.4351145038168,2.0,1.5,-0.5,2.406880517722046,3.450991976588849,2.407,전년 동월 대비 주택가격 상승폭이 같은 시점의 다른 지역보다 매우 크게 나타남,32,MEDIUM
2018-06-01,강원도,transaction_surge,거래량 급증,198.75852847024677,189.58611481975967,-4.614852867488485,1610.0,2085,29.503105590062113,1.25,1.5,0.25,-1.1159677308244098,2.404345445105336,2.404,전년 동월 대비 거래량 증가폭이 같은 시점의 다른 지역보다 매우 크게 나타남,39,MEDIUM
2021-04-01,서울특별시,price_surge,주택가격 급등,888.0826414182799,1188.811188811189,33.862675990675996,9479.0,3729,-60.660407215951054,1.25,0.5,-0.75,2.398351057223197,3.780364392629207,2.398,전년 동월 대비 주택가격 상승폭이 같은 시점의 다른 지역보다 매우 크게 나타남,33,MEDIUM
2022-09-01,경기도,transaction_surge,거래량 급증,383.3314105273243,500.0358849282125,30.44479820746894,4102.0,5410,31.886884446611408,0.5,2.5,2.0,1.9766309252803853,2.3942061014132414,2.394,전년 동월 대비 거래량 증가폭이 같은 시점의 다른 지역보다 매우 크게 나타남,40,MEDIUM
2018-01-01,서울특별시,price_surge,주택가격 급등,593.9662394090954,736.9471512049665,24.072228741168033,3716.0,12548,237.67491926803012,1.25,1.5,0.25,2.387724419796688,2.9422158307928443,2.388,전년 동월 대비 주택가격 상승폭이 같은 시점의 다른 지역보다 매우 크게 나타남,34,MEDIUM
2018-07-01,세종특별자치시,price_volume_cross,가격 ↑ + 거래량 ↓,397.2181356158888,407.424067222616,2.569351872845087,557.0,175,-68.58168761220826,1.25,1.5,0.25,0.7766041114332978,-1.609680257097557,2.386,주택가격은 상승했지만 거래량은 감소하는 엇갈린 흐름이 나타남,38,MEDIUM
2020-06-01,세종특별자치시,transaction_surge,거래량 급증,446.738889453795,617.67031229411,38.26204229707965,470.0,2771,489.5744680851064,1.75,0.5,-1.25,1.8198433275693118,2.38502406675452,2.385,전년 동월 대비 거래량 증가폭이 같은 시점의 다른 지역보다 매우 크게 나타남,41,MEDIUM
2020-09-01,제주특별자치도,transaction_surge,거래량 급증,356.8070235353512,349.4949494949495,-2.049307765287665,170.0,517,204.1176470588235,1.5,0.5,-1.0,-1.479155884069395,2.3828720686334366,2.383,전년 동월 대비 거래량 증가폭이 같은 시점의 다른 지역보다 매우 크게 나타남,42,MEDIUM
2023-04-01,부산광역시,price_surge,주택가격 급등,364.9156077821068,465.1564378682344,27.469592406686523,4608.0,4012,-12.934027777777779,1.5,3.5,2.0,2.376758405865482,-0.31736773824896286,2.377,전년 동월 대비 주택가격 상승폭이 같은 시점의 다른 지역보다 매우 크게 나타남,35,MEDIUM
2018-12-01,서울특별시,transaction_drop,거래량 급감,758.8392261507672,709.2573989065131,-6.533904091352694,8531.0,1566,-81.64341812214278,1.5,1.75,0.25,-0.4396893792839488,-2.3750152593405147,2.375,전년 동월 대비 거래량 감소폭이 같은 시점의 다른 지역보다 매우 크게 나타남,2,MEDIUM
2016-05-01,제주특별자치도,price_surge,주택가격 급등,248.329695036063,323.1577941767909,30.132561927344696,222.0,190,-14.414414414414415,1.75,1.5,-0.25,2.374098737715412,-0.27434535261109716,2.374,전년 동월 대비 주택가격 상승폭이 같은 시점의 다른 지역보다 매우 크게 나타남,36,MEDIUM
2022-06-01,세종특별자치시,price_surge,주택가격 급등,435.3172467718117,653.3130630514174,50.077459116586894,677.0,260,-61.595273264401776,0.75,1.75,1.0,2.36949674174169,-1.246631732488849,2.369,전년 동월 대비 주택가격 상승폭이 같은 시점의 다른 지역보다 매우 크게 나타남,37,MEDIUM
2022-10-01,경기도,price_surge,주택가격 급등,371.35278514588856,500.1103188682728,34.672564438099194,4064.0,5608,37.99212598425197,0.5,3.0,2.5,2.3595043634023667,2.6256118711776435,2.36,전년 동월 대비 주택가격 상승폭이 같은 시점의 다른 지역보다 매우 크게 나타남,38,MEDIUM
2019-10-01,서울특별시,price_surge,주택가격 급등,721.038521236066,929.1822078262009,28.867207570729665,3259.0,11528,253.7281374654802,1.5,1.25,-0.25,2.3580379635646547,1.5614003379573067,2.358,전년 동월 대비 주택가격 상승폭이 같은 시점의 다른 지역보다 매우 크게 나타남,39,MEDIUM
2023-03-01,부산광역시,price_surge,주택가격 급등,350.2597620244679,469.51555201219634,34.047813342429464,3858.0,4882,26.54224987039917,1.25,3.5,2.25,2.356770392253692,0.12764075693353572,2.357,전년 동월 대비 주택가격 상승폭이 같은 시점의 다른 지역보다 매우 크게 나타남,40,MEDIUM
2018-09-01,경기도,transaction_surge,거래량 급증,394.08185840707966,421.9458944719344,7.07062136214139,13077.0,22270,70.29899824118682,1.25,1.5,0.25,0.7567471544724562,2.353698671512133,2.354,전년 동월 대비 거래량 증가폭이 같은 시점의 다른 지역보다 매우 크게 나타남,43,MEDIUM
2020-07-01,세종특별자치시,transaction_surge,거래량 급증,446.91215633665325,688.762731674737,54.115908889240586,588.0,2459,318.19727891156464,1.5,0.5,-1.0,3.4149245597175595,2.344424032293113,2.344,전년 동월 대비 거래량 증가폭이 같은 시점의 다른 지역보다 매우 크게 나타남,44,MEDIUM
2017-04-01,세종특별자치시,price_surge,주택가격 급등,305.9327418633657,365.26452221043945,19.393733402216956,494.0,337,-31.781376518218625,1.5,1.25,-0.25,2.3196592393388418,-0.7567304272413342,2.32,전년 동월 대비 주택가격 상승폭이 같은 시점의 다른 지역보다 매우 크게 나타남,41,MEDIUM
2022-04-01,세종특별자치시,price_surge,주택가격 급등,509.4651603653711,720.48823673454,41.42051170247448,2072.0,554,-73.26254826254826,1.25,1.5,0.25,2.3176045230232014,-1.311013154721906,2.318,전년 동월 대비 주택가격 상승폭이 같은 시점의 다른 지역보다 매우 크게 나타남,42,MEDIUM
2018-10-01,대전광역시,price_surge,주택가격 급등,273.0030333670374,305.6988176358634,11.976344682173673,1501.0,2591,72.618254497002,1.25,1.5,0.25,2.315458520845251,1.2697007253911508,2.315,전년 동월 대비 주택가격 상승폭이 같은 시점의 다른 지역보다 매우 크게 나타남,43,MEDIUM
2018-05-01,세종특별자치시,rate_price_reverse,금리 ↑ + 주택가격 ↑,384.00196079513455,419.62774957698815,9.277501788815083,480.0,329,-31.458333333333332,1.25,1.5,0.25,2.0552604782640507,-0.6262421618540581,2.305,금리가 상승한 기간에도 주택가격 상승폭이 같은 시점의 다른 지역보다 크게 나타남,46,MEDIUM
2016-12-01,제주특별자치도,price_surge,주택가격 급등,319.8570762777691,379.4923347574768,18.64434552259817,376.0,251,-33.244680851063826,1.5,1.25,-0.25,2.3028121858703225,-0.9254021434570695,2.303,전년 동월 대비 주택가격 상승폭이 같은 시점의 다른 지역보다 매우 크게 나타남,44,MEDIUM
2018-06-01,전라북도,rate_price_reverse,금리 ↑ + 주택가격 ↑,177.72851091532857,193.4675000888682,8.855635537866982,1764.0,1370,-22.33560090702948,1.25,1.5,0.25,2.0471813609030023,0.23131904478610502,2.297,금리가 상승한 기간에도 주택가격 상승폭이 같은 시점의 다른 지역보다 크게 나타남,47,MEDIUM
2017-02-01,제주특별자치도,price_surge,주택가격 급등,307.9838900734423,363.3996212121212,17.993061625874123,283.0,195,-31.09540636042403,1.5,1.25,-0.25,2.2848237729900918,-1.1515499603756534,2.285,전년 동월 대비 주택가격 상승폭이 같은 시점의 다른 지역보다 매우 크게 나타남,45,MEDIUM
2017-09-01,서울특별시,price_surge,주택가격 급등,603.4274680183441,688.3750482282953,14.077512992393112,11303.0,6854,-39.36123153145183,1.25,1.25,0.0,2.2777961961817605,-0.6366614866522782,2.278,전년 동월 대비 주택가격 상승폭이 같은 시점의 다른 지역보다 매우 크게 나타남,46,MEDIUM
2022-04-01,광주광역시,transaction_surge,거래량 급증,271.37993190466653,310.4164962095689,14.384469784086898,2259.0,3492,54.581673306772906,1.25,1.5,0.25,0.37950832659702133,2.2745556986801287,2.275,전년 동월 대비 거래량 증가폭이 같은 시점의 다른 지역보다 매우 크게 나타남,45,MEDIUM
2017-01-01,제주특별자치도,price_volume_cross,가격 ↑ + 거래량 ↓,318.82895528373774,370.9645077200722,16.352201257861637,407.0,268,-34.15233415233415,1.5,1.25,-0.25,1.5660998707268186,-0.7083044764410334,2.274,주택가격은 상승했지만 거래량은 감소하는 엇갈린 흐름이 나타남,39,MEDIUM
2017-04-01,울산광역시,transaction_drop,거래량 급감,294.39042736176384,292.8380187416332,-0.5273298571705702,2700.0,919,-65.96296296296296,1.5,1.25,-0.25,-0.9105093722544925,-2.273206644343361,2.273,전년 동월 대비 거래량 감소폭이 같은 시점의 다른 지역보다 매우 크게 나타남,3,MEDIUM
2020-04-01,울산광역시,transaction_surge,거래량 급증,277.1754546031028,296.4322844639785,6.947523505806162,910.0,1920,110.98901098901099,1.75,0.75,-1.0,0.3146765025815857,2.265984304056274,2.266,전년 동월 대비 거래량 증가폭이 같은 시점의 다른 지역보다 매우 크게 나타남,46,MEDIUM
2022-07-01,경기도,price_volume_cross,가격 ↑ + 거래량 ↓,417.90151178159886,511.8249205788917,22.475010534630112,24326.0,6006,-75.31036750801611,0.5,2.25,1.75,1.1405867481832148,-1.1226595480259127,2.263,주택가격은 상승했지만 거래량은 감소하는 엇갈린 흐름이 나타남,40,MEDIUM
2022-04-01,경기도,rate_price_reverse,금리 ↑ + 주택가격 ↑,439.35638434564913,556.6731683257108,26.70196409112984,63641.0,13392,-78.95696170707562,0.5,1.5,1.0,1.2624958932698285,-1.4707208930495232,2.262,금리가 상승한 기간에도 주택가격 상승폭이 같은 시점의 다른 지역보다 크게 나타남,48,MEDIUM
2022-05-01,경기도,price_volume_cross,가격 ↑ + 거래량 ↓,449.35797210287217,549.5233050847457,22.290765759229167,39667.0,11870,-70.0758817152797,0.5,1.75,1.25,0.8839743889310308,-1.3688603721977912,2.253,주택가격은 상승했지만 거래량은 감소하는 엇갈린 흐름이 나타남,41,MEDIUM
2023-01-01,부산광역시,price_volume_cross,가격 ↑ + 거래량 ↓,331.7219536589432,479.5149348665078,44.55327106855175,3087.0,2732,-11.499838030450276,0.5,3.5,3.0,2.06642315370567,-0.18355469198701604,2.25,주택가격은 상승했지만 거래량은 감소하는 엇갈린 흐름이 나타남,42,MEDIUM
2022-06-01,경기도,price_volume_cross,가격 ↑ + 거래량 ↓,422.2502003314585,529.4821546864466,25.395359024297225,26150.0,8262,-68.40535372848949,0.5,1.75,1.25,0.7316274634976063,-1.5021167703999736,2.234,주택가격은 상승했지만 거래량은 감소하는 엇갈린 흐름이 나타남,43,MEDIUM
2020-04-01,충청북도,price_surge,주택가격 급등,180.88369784326525,212.9852769514629,17.74708251266153,2284.0,3946,72.76707530647985,1.75,0.75,-1.0,2.230186691623144,1.0255640436273126,2.23,전년 동월 대비 주택가격 상승폭이 같은 시점의 다른 지역보다 매우 크게 나타남,47,MEDIUM
2018-04-01,세종특별자치시,price_surge,주택가격 급등,365.26452221043945,408.5874373479932,11.860696153948995,337.0,262,-22.255192878338278,1.25,1.5,0.25,2.2192447297268303,-0.5481768466231699,2.219,전년 동월 대비 주택가격 상승폭이 같은 시점의 다른 지역보다 매우 크게 나타남,48,MEDIUM
2023-03-01,울산광역시,price_surge,주택가격 급등,291.86771801812404,386.6025929232144,32.45815451889326,1766.0,2000,13.250283125707815,1.25,3.5,2.25,2.216324226990025,-0.12347822764302506,2.216,전년 동월 대비 주택가격 상승폭이 같은 시점의 다른 지역보다 매우 크게 나타남,49,MEDIUM
2018-02-01,세종특별자치시,price_surge,주택가격 급등,339.49907654032864,418.5580380828863,23.286944503121894,326.0,345,5.828220858895705,1.25,1.5,0.25,2.2089709639007813,0.0833849039676804,2.209,전년 동월 대비 주택가격 상승폭이 같은 시점의 다른 지역보다 매우 크게 나타남,50,MEDIUM
2018-07-01,서울특별시,price_surge,주택가격 급등,658.0964736407594,727.9151943462897,10.60919234520056,14933.0,7013,-53.036898145047886,1.25,1.5,0.25,2.205645981510369,-0.9679399368062408,2.206,전년 동월 대비 주택가격 상승폭이 같은 시점의 다른 지역보다 매우 크게 나타남,51,MEDIUM
2022-05-01,세종특별자치시,price_surge,주택가격 급등,482.37110102968586,685.4403783433388,42.09814329261731,867.0,476,-45.09803921568628,0.75,1.75,1.0,2.205426677334899,-0.8045538762485465,2.205,전년 동월 대비 주택가격 상승폭이 같은 시점의 다른 지역보다 매우 크게 나타남,52,MEDIUM
2018-10-01,서울특별시,transaction_drop,거래량 급감,702.8490699317165,721.038521236066,2.5879597885953904,6311.0,3259,-48.360006338139755,1.25,1.5,0.25,0.44006885163069703,-2.1861595826957574,2.186,전년 동월 대비 거래량 감소폭이 같은 시점의 다른 지역보다 매우 크게 나타남,4,MEDIUM
2017-09-01,대구광역시,transaction_surge,거래량 급증,321.8018234325083,326.4893975092561,1.4566648587468107,2077.0,2937,41.40587385652383,1.25,1.25,0.0,-0.37583955599284496,2.1790063719916426,2.179,전년 동월 대비 거래량 증가폭이 같은 시점의 다른 지역보다 매우 크게 나타남,47,MEDIUM
2019-02-01,서울특별시,price_surge,주택가격 급등,676.5327695560254,735.6232345465294,8.734309356408867,9139.0,1454,-84.09016303753147,1.5,1.75,0.25,2.171738255658932,-1.6695027197614558,2.172,전년 동월 대비 주택가격 상승폭이 같은 시점의 다른 지역보다 매우 크게 나타남,53,MEDIUM
2016-05-01,세종특별자치시,price_drop,주택가격 급락,301.5120071153276,226.0876937642188,-25.01535977711799,180.0,422,134.44444444444446,1.75,1.5,-0.25,-2.17088259673829,3.205629322088981,2.171,전년 동월 대비 주택가격 하락폭이 같은 시점의 다른 지역보다 매우 크게 나타남,2,MEDIUM
2021-03-01,서울특별시,price_volume_cross,가격 ↑ + 거래량 ↓,935.5142386443868,1126.283693542292,20.391934939904388,11483.0,6196,-46.04197509361665,1.25,0.5,-0.75,1.9181179889743174,-0.24679547808185914,2.165,주택가격은 상승했지만 거래량은 감소하는 엇갈린 흐름이 나타남,44,MEDIUM
2022-06-01,인천광역시,price_volume_cross,가격 ↑ + 거래량 ↓,338.4469010729208,465.0469775017239,37.40618573473841,3962.0,2172,-45.17920242301868,0.75,1.75,1.0,1.5286489487759343,-0.6307710971587038,2.159,주택가격은 상승했지만 거래량은 감소하는 엇갈린 흐름이 나타남,45,MEDIUM
2020-01-01,경상북도,price_surge,주택가격 급등,157.4994514064052,196.00156801254408,24.44587346960948,2841.0,4359,53.431890179514255,1.75,1.25,-0.5,2.138245242027796,-0.6043201113912694,2.138,전년 동월 대비 주택가격 상승폭이 같은 시점의 다른 지역보다 매우 크게 나타남,54,MEDIUM
2022-10-01,전라남도,transaction_surge,거래량 급증,187.42442563482467,177.56255044390636,-5.261787601864157,1393.0,1722,23.618090452261306,0.5,3.0,2.5,-0.3976708927523309,2.137043890988799,2.137,전년 동월 대비 거래량 증가폭이 같은 시점의 다른 지역보다 매우 크게 나타남,48,MEDIUM
2022-09-01,인천광역시,price_volume_cross,가격 ↑ + 거래량 ↓,350.1079519218072,460.3682946357086,31.493241472712054,3354.0,1590,-52.59391771019678,0.5,2.5,2.0,2.042733996350912,-0.08930649206172338,2.132,주택가격은 상승했지만 거래량은 감소하는 엇갈린 흐름이 나타남,46,MEDIUM
2018-05-01,강원도,transaction_surge,거래량 급증,196.7650491912623,191.85273243017383,-2.4965392895125076,1399.0,1994,42.53037884203002,1.25,1.5,0.25,-0.5970047850214487,2.131792668282508,2.132,전년 동월 대비 거래량 증가폭이 같은 시점의 다른 지역보다 매우 크게 나타남,49,MEDIUM
2020-05-01,울산광역시,transaction_surge,거래량 급증,281.41081060261183,329.50385052392375,17.089975974386235,848.0,2825,233.1367924528302,1.75,0.5,-1.25,0.46884839664164846,2.129524713732993,2.13,전년 동월 대비 거래량 증가폭이 같은 시점의 다른 지역보다 매우 크게 나타남,50,MEDIUM
2021-03-01,경기도,price_volume_cross,가격 ↑ + 거래량 ↓,379.3565683646113,431.67408606502096,13.791119506892441,29579.0,12193,-58.77818722742486,0.75,0.5,-0.25,1.3452271942517393,-0.7796088682413165,2.125,주택가격은 상승했지만 거래량은 감소하는 엇갈린 흐름이 나타남,47,MEDIUM
2017-06-01,세종특별자치시,price_surge,주택가격 급등,337.1974397802034,394.705694089048,17.05477193015771,600.0,774,28.999999999999996,1.25,1.25,0.0,2.120924386489725,0.6306756116351634,2.121,전년 동월 대비 주택가격 상승폭이 같은 시점의 다른 지역보다 매우 크게 나타남,55,MEDIUM
2022-10-01,인천광역시,price_surge,주택가격 급등,350.05380456625744,458.6180794466609,31.013596614075546,2379.0,1704,-28.373266078184113,0.5,3.0,2.5,2.1068793668237706,0.3698775311432983,2.107,전년 동월 대비 주택가격 상승폭이 같은 시점의 다른 지역보다 매우 크게 나타남,56,MEDIUM
2017-02-01,울산광역시,price_volume_cross,가격 ↑ + 거래량 ↓,288.5496003976301,303.03030303030306,5.018444874890866,2248.0,955,-57.517793594306056,1.5,1.25,-0.25,0.1341617462108191,-1.958813133652434,2.093,주택가격은 상승했지만 거래량은 감소하는 엇갈린 흐름이 나타남,48,MEDIUM
2016-01-01,제주특별자치도,price_volume_cross,가격 ↑ + 거래량 ↓,256.20401516547145,318.82895528373774,24.443387461285283,512.0,407,-20.5078125,2.0,1.5,-0.5,2.067635241138402,-0.0199253628448244,2.088,주택가격은 상승했지만 거래량은 감소하는 엇갈린 흐름이 나타남,49,MEDIUM
2018-08-01,서울특별시,rate_price_reverse,금리 ↑ + 주택가격 ↑,626.9215144580029,746.0797980184007,19.006890146913296,5110.0,14936,192.28962818003913,1.25,1.5,0.25,1.8347380280372008,3.2537031735605946,2.085,금리가 상승한 기간에도 주택가격 상승폭이 같은 시점의 다른 지역보다 크게 나타남,49,MEDIUM
2016-01-01,제주특별자치도,price_surge,주택가격 급등,256.20401516547145,318.82895528373774,24.443387461285283,512.0,407,-20.5078125,2.0,1.5,-0.5,2.067635241138402,-0.0199253628448244,2.068,전년 동월 대비 주택가격 상승폭이 같은 시점의 다른 지역보다 매우 크게 나타남,57,MEDIUM
2023-01-01,부산광역시,price_surge,주택가격 급등,331.7219536589432,479.5149348665078,44.55327106855175,3087.0,2732,-11.499838030450276,0.5,3.5,3.0,2.06642315370567,-0.18355469198701604,2.066,전년 동월 대비 주택가격 상승폭이 같은 시점의 다른 지역보다 매우 크게 나타남,58,MEDIUM
2022-04-01,인천광역시,price_volume_cross,가격 ↑ + 거래량 ↓,385.94092515217017,473.0727112198568,22.576456755222832,8759.0,3008,-65.65818015755224,1.25,1.5,0.25,0.9667562247123631,-1.0977380837614783,2.064,주택가격은 상승했지만 거래량은 감소하는 엇갈린 흐름이 나타남,50,MEDIUM
2018-05-01,세종특별자치시,price_surge,주택가격 급등,384.00196079513455,419.62774957698815,9.277501788815083,480.0,329,-31.458333333333332,1.25,1.5,0.25,2.0552604782640507,-0.6262421618540581,2.055,전년 동월 대비 주택가격 상승폭이 같은 시점의 다른 지역보다 매우 크게 나타남,59,MEDIUM
2020-06-01,울산광역시,transaction_surge,거래량 급증,294.9355355186652,364.7612402352828,23.674903939202895,903.0,4954,448.6157253599114,1.75,0.5,-1.25,0.5340705547045734,2.0525371770044702,2.053,전년 동월 대비 거래량 증가폭이 같은 시점의 다른 지역보다 매우 크게 나타남,51,MEDIUM
2018-06-01,전라북도,price_surge,주택가격 급등,177.72851091532857,193.4675000888682,8.855635537866982,1764.0,1370,-22.33560090702948,1.25,1.5,0.25,2.0471813609030023,0.23131904478610502,2.047,전년 동월 대비 주택가격 상승폭이 같은 시점의 다른 지역보다 매우 크게 나타남,60,MEDIUM
2022-09-01,인천광역시,price_surge,주택가격 급등,350.1079519218072,460.3682946357086,31.493241472712054,3354.0,1590,-52.59391771019678,0.5,2.5,2.0,2.042733996350912,-0.08930649206172338,2.043,전년 동월 대비 주택가격 상승폭이 같은 시점의 다른 지역보다 매우 크게 나타남,61,MEDIUM
2018-04-01,강원도,transaction_surge,거래량 급증,192.80538302277432,192.5146448245303,-0.15079361047179476,1467.0,2112,43.967280163599185,1.25,1.5,0.25,-0.198055176140104,2.039506773794005,2.04,전년 동월 대비 거래량 증가폭이 같은 시점의 다른 지역보다 매우 크게 나타남,52,MEDIUM
2023-01-01,울산광역시,price_surge,주택가격 급등,264.1664296978001,380.3460659484166,43.97971248031901,981.0,1170,19.26605504587156,0.5,3.5,3.0,2.018594387170552,0.3549153831828961,2.019,전년 동월 대비 주택가격 상승폭이 같은 시점의 다른 지역보다 매우 크게 나타남,62,MEDIUM
2022-06-01,대전광역시,rate_price_reverse,금리 ↑ + 주택가격 ↑,284.0668773469092,367.8813146328653,29.505177818954202,1708.0,1044,-38.875878220140514,0.75,1.75,1.0,1.0043492301928791,-0.39429738272452786,2.004,금리가 상승한 기간에도 주택가격 상승폭이 같은 시점의 다른 지역보다 크게 나타남,50,MEDIUM
2020-08-01,대전광역시,price_volume_cross,가격 ↑ + 거래량 ↓,308.73211284911656,374.1375259938572,21.185166823480245,2432.0,1661,-31.70230263157895,1.5,0.5,-1.0,0.6444563633985204,-1.3502958453757377,1.995,주택가격은 상승했지만 거래량은 감소하는 엇갈린 흐름이 나타남,51,LOW
2016-12-01,부산광역시,price_volume_cross,가격 ↑ + 거래량 ↓,290.45140989955223,333.7459459855657,14.905947986613718,3335.0,3302,-0.9895052473763118,1.5,1.25,-0.25,1.555084469058166,-0.40536080383634,1.96,주택가격은 상승했지만 거래량은 감소하는 엇갈린 흐름이 나타남,52,LOW
2020-08-01,서울특별시,price_volume_cross,가격 ↑ + 거래량 ↓,884.5327628021253,1083.4976245492296,22.49378091059063,6600.0,4985,-24.46969696969697,1.5,0.5,-1.0,0.7278834586206159,-1.2243315124340746,1.952,주택가격은 상승했지만 거래량은 감소하는 엇갈린 흐름이 나타남,53,LOW
2022-08-01,세종특별자치시,price_volume_cross,가격 ↑ + 거래량 ↓,617.67031229411,642.2281751261113,3.975885248683904,2771.0,296,-89.31793576326235,0.5,2.5,2.0,0.37000535972688986,-1.5512356167026735,1.921,주택가격은 상승했지만 거래량은 감소하는 엇갈린 흐름이 나타남,54,LOW
2017-08-01,세종특별자치시,price_volume_cross,가격 ↑ + 거래량 ↓,352.0803355478676,373.8252206719038,6.176114633099086,708.0,246,-65.2542372881356,1.25,1.25,0.0,0.7918519312150838,-1.1104194812533017,1.902,주택가격은 상승했지만 거래량은 감소하는 엇갈린 흐름이 나타남,55,LOW
2018-08-01,경기도,rate_price_reverse,금리 ↑ + 주택가격 ↑,383.7061499899025,450.00394990484455,17.278273990835626,12401.0,21322,71.93774695589066,1.25,1.5,0.25,1.6406067773137465,1.1510821970074288,1.891,금리가 상승한 기간에도 주택가격 상승폭이 같은 시점의 다른 지역보다 크게 나타남,51,LOW
2018-09-01,세종특별자치시,rate_price_reverse,금리 ↑ + 주택가격 ↑,356.8321392582947,399.780658401348,12.036056850799744,192.0,268,39.58333333333333,1.25,1.5,0.25,1.6251491210138382,1.3182582440273904,1.875,금리가 상승한 기간에도 주택가격 상승폭이 같은 시점의 다른 지역보다 크게 나타남,52,LOW
2020-10-01,서울특별시,price_volume_cross,가격 ↑ + 거래량 ↓,929.1822078262009,984.762979683973,5.98168705660023,11528.0,1881,-83.68320610687023,1.25,0.5,-0.75,0.304988075176202,-1.495809976468125,1.801,주택가격은 상승했지만 거래량은 감소하는 엇갈린 흐름이 나타남,56,LOW
2023-01-01,경상남도,price_volume_cross,가격 ↑ + 거래량 ↓,235.77917617144809,310.3724469363236,31.636920603469516,3798.0,2050,-46.02422327540811,0.5,3.5,3.0,0.9893350871078417,-0.7878065585565915,1.777,주택가격은 상승했지만 거래량은 감소하는 엇갈린 흐름이 나타남,57,LOW
2017-06-01,제주특별자치도,price_volume_cross,가격 ↑ + 거래량 ↓,327.6209677419355,365.75563116368767,11.639872650577896,260.0,206,-20.76923076923077,1.25,1.25,0.0,1.1291353229867012,-0.634069946742334,1.763,주택가격은 상승했지만 거래량은 감소하는 엇갈린 흐름이 나타남,58,LOW
2018-11-01,대전광역시,rate_price_reverse,금리 ↑ + 주택가격 ↑,274.29255838540706,296.2186372701979,7.993683464785302,1670.0,1757,5.209580838323354,1.5,1.75,0.25,1.5061152074489081,0.666774166243089,1.756,금리가 상승한 기간에도 주택가격 상승폭이 같은 시점의 다른 지역보다 크게 나타남,53,LOW
2018-05-01,전라남도,rate_price_reverse,금리 ↑ + 주택가격 ↑,166.70278560354743,177.95487228248717,6.7497892360955865,1505.0,1464,-2.7242524916943522,1.25,1.5,0.25,1.4858583371853216,0.44486170579223566,1.736,금리가 상승한 기간에도 주택가격 상승폭이 같은 시점의 다른 지역보다 크게 나타남,55,LOW
2018-01-01,경기도,rate_price_reverse,금리 ↑ + 주택가격 ↑,368.763557483731,429.7302706712032,16.532738105543928,7131.0,15551,118.07600617024261,1.25,1.5,0.25,1.4856899222378048,1.0587931875893397,1.736,금리가 상승한 기간에도 주택가격 상승폭이 같은 시점의 다른 지역보다 크게 나타남,54,LOW
2017-07-01,전라남도,price_volume_cross,가격 ↑ + 거래량 ↓,152.959171667255,174.8661311914324,14.322096076614137,1541.0,1467,-4.802076573653472,1.25,1.25,0.0,1.6189001373882888,-0.06180312887053905,1.681,주택가격은 상승했지만 거래량은 감소하는 엇갈린 흐름이 나타남,59,LOW
2019-04-01,전라남도,rate_price_reverse,금리 ↑ + 주택가격 ↑,158.93375762938763,178.48206839032525,12.29965933764788,1450.0,2658,83.3103448275862,1.5,1.75,0.25,1.4233359062266209,0.8666015470896203,1.673,금리가 상승한 기간에도 주택가격 상승폭이 같은 시점의 다른 지역보다 크게 나타남,56,LOW
2018-09-01,제주특별자치도,price_volume_cross,가격 ↑ + 거래량 ↓,350.87719298245617,378.1209820811201,7.764479893119214,207.0,162,-21.73913043478261,1.25,1.5,0.25,0.8780956473043435,-0.748952682024899,1.627,주택가격은 상승했지만 거래량은 감소하는 엇갈린 흐름이 나타남,60,LOW
2018-04-01,대구광역시,rate_price_reverse,금리 ↑ + 주택가격 ↑,301.8611662575205,324.87504805843906,7.623995522923679,2010.0,2499,24.328358208955223,1.25,1.5,0.25,1.3666131047222587,1.2721038918070924,1.617,금리가 상승한 기간에도 주택가격 상승폭이 같은 시점의 다른 지역보다 크게 나타남,57,LOW
2018-08-01,대전광역시,price_volume_cross,가격 ↑ + 거래량 ↓,268.9580840691776,307.9327862446268,14.490994873916755,1783.0,1613,-9.534492428491307,1.25,1.5,0.25,1.3275829870521723,-0.2722876564086246,1.6,주택가격은 상승했지만 거래량은 감소하는 엇갈린 흐름이 나타남,61,LOW
2018-08-01,대전광역시,rate_price_reverse,금리 ↑ + 주택가격 ↑,268.9580840691776,307.9327862446268,14.490994873916755,1783.0,1613,-9.534492428491307,1.25,1.5,0.25,1.3275829870521723,-0.2722876564086246,1.578,금리가 상승한 기간에도 주택가격 상승폭이 같은 시점의 다른 지역보다 크게 나타남,58,LOW
2020-07-01,대전광역시,price_volume_cross,가격 ↑ + 거래량 ↓,300.35335689045934,341.82130431352067,13.80638720085454,2363.0,1666,-29.496402877697843,1.5,0.5,-1.0,0.18732154508327864,-1.3751630763435754,1.562,주택가격은 상승했지만 거래량은 감소하는 엇갈린 흐름이 나타남,62,LOW
2019-01-01,세종특별자치시,rate_price_reverse,금리 ↑ + 주택가격 ↑,375.35594097851407,385.8633692887837,2.7993238319014893,271.0,570,110.3321033210332,1.5,1.75,0.25,1.2890855681637643,1.6212368203390743,1.539,금리가 상승한 기간에도 주택가격 상승폭이 같은 시점의 다른 지역보다 크게 나타남,59,LOW
2019-01-01,전라남도,rate_price_reverse,금리 ↑ + 주택가격 ↑,178.38536270724347,183.33333333333331,2.773753715550186,1454.0,2878,97.93672627235213,1.5,1.75,0.25,1.2847585522760694,1.410882545200242,1.535,금리가 상승한 기간에도 주택가격 상승폭이 같은 시점의 다른 지역보다 크게 나타남,60,LOW
2016-02-01,광주광역시,price_volume_cross,가격 ↑ + 거래량 ↓,212.1187865204515,236.3625606437108,11.429338495165222,2180.0,1366,-37.3394495412844,2.0,1.5,-0.5,0.9681557822777919,-0.563294596153613,1.531,주택가격은 상승했지만 거래량은 감소하는 엇갈린 흐름이 나타남,63,LOW
2018-03-01,대전광역시,price_volume_cross,가격 ↑ + 거래량 ↓,251.82906040290567,276.60363366703746,9.837853194740322,2012.0,1963,-2.4353876739562623,1.25,1.5,0.25,0.8376587917807929,-0.6866541859083625,1.524,주택가격은 상승했지만 거래량은 감소하는 엇갈린 흐름이 나타남,64,LOW
2018-04-01,전라북도,price_volume_cross,가격 ↑ + 거래량 ↓,173.13482770157242,182.4254831042469,5.366138936926378,1739.0,1332,-23.404255319148938,1.25,1.5,0.25,0.9122217994106396,-0.5930771639978973,1.505,주택가격은 상승했지만 거래량은 감소하는 엇갈린 흐름이 나타남,65,LOW
2021-03-01,대전광역시,price_volume_cross,가격 ↑ + 거래량 ↓,327.15008431703205,342.6182889642649,4.72816770917993,3619.0,1357,-62.50345399281569,1.25,0.5,-0.75,0.5586453377196903,-0.9354536354030862,1.494,주택가격은 상승했지만 거래량은 감소하는 엇갈린 흐름이 나타남,66,LOW
2017-12-01,경기도,rate_price_reverse,금리 ↑ + 주택가격 ↑,363.75771733689305,415.3402937324007,14.180476162306302,9499.0,10166,7.021791767554479,1.25,1.5,0.25,1.240653995283173,0.33477927582539607,1.491,금리가 상승한 기간에도 주택가격 상승폭이 같은 시점의 다른 지역보다 크게 나타남,61,LOW
2018-04-01,대전광역시,price_volume_cross,가격 ↑ + 거래량 ↓,254.72906249236684,270.74431142658705,6.2871698963286216,1533.0,1259,-17.873450750163077,1.25,1.5,0.25,1.0975783284615501,-0.3769575941076325,1.475,주택가격은 상승했지만 거래량은 감소하는 엇갈린 흐름이 나타남,67,LOW
2017-11-01,전라남도,rate_price_reverse,금리 ↑ + 주택가격 ↑,153.5118539259035,172.75397710180317,12.534617154182367,1663.0,1454,-12.567648827420324,1.25,1.5,0.25,1.2185556310803127,0.13674932683553603,1.469,금리가 상승한 기간에도 주택가격 상승폭이 같은 시점의 다른 지역보다 크게 나타남,62,LOW
2022-12-01,인천광역시,price_volume_cross,가격 ↑ + 거래량 ↓,347.8551718371101,467.2664921821069,34.32788413475521,1985.0,1828,-7.909319899244332,0.5,3.25,2.75,1.21820104353699,-0.23943865466468967,1.458,주택가격은 상승했지만 거래량은 감소하는 엇갈린 흐름이 나타남,68,LOW
2018-05-01,인천광역시,price_volume_cross,가격 ↑ + 거래량 ↓,321.5265530355597,331.25461186128393,3.0255848961402445,3506.0,2244,-35.995436394751856,1.25,1.5,0.25,0.6469299065361153,-0.7953691530314806,1.442,주택가격은 상승했지만 거래량은 감소하는 엇갈린 흐름이 나타남,69,LOW
2018-10-01,대구광역시,rate_price_reverse,금리 ↑ + 주택가격 ↑,317.83969149508164,337.89082955068534,6.308569568918669,2446.0,2984,21.995094031071137,1.25,1.5,0.25,1.1832843486827649,-0.17639851356655106,1.433,금리가 상승한 기간에도 주택가격 상승폭이 같은 시점의 다른 지역보다 크게 나타남,63,LOW
2018-06-01,전라남도,rate_price_reverse,금리 ↑ + 주택가격 ↑,166.66666666666666,175.10217335188162,5.061304011128977,1611.0,1306,-18.93234016139044,1.25,1.5,0.25,1.1561938954639355,0.37398030983635594,1.406,금리가 상승한 기간에도 주택가격 상승폭이 같은 시점의 다른 지역보다 크게 나타남,64,LOW
2019-01-01,충청남도,rate_price_reverse,금리 ↑ + 주택가격 ↑,204.2346914857148,208.3333333333333,2.0068294067979995,1552.0,3145,102.64175257731958,1.5,1.75,0.25,1.1549783970730996,1.4907286357228273,1.405,금리가 상승한 기간에도 주택가격 상승폭이 같은 시점의 다른 지역보다 크게 나타남,65,LOW
2017-04-01,부산광역시,price_volume_cross,가격 ↑ + 거래량 ↓,307.3838957567658,346.0177190029598,12.568590540854188,4613.0,3734,-19.054845003251682,1.5,1.25,-0.25,1.212973217947625,-0.19211408329705745,1.405,주택가격은 상승했지만 거래량은 감소하는 엇갈린 흐름이 나타남,70,LOW
2022-06-01,대전광역시,price_volume_cross,가격 ↑ + 거래량 ↓,284.0668773469092,367.8813146328653,29.505177818954202,1708.0,1044,-38.875878220140514,0.75,1.75,1.0,1.0043492301928791,-0.39429738272452786,1.399,주택가격은 상승했지만 거래량은 감소하는 엇갈린 흐름이 나타남,71,LOW
2018-02-01,경기도,rate_price_reverse,금리 ↑ + 주택가격 ↑,366.6758337916896,422.9716048967637,15.35300827516656,10332.0,14466,40.0116144018583,1.25,1.5,0.25,1.1178463654478867,1.1529084241724783,1.368,금리가 상승한 기간에도 주택가격 상승폭이 같은 시점의 다른 지역보다 크게 나타남,66,LOW
2017-12-01,대전광역시,price_volume_cross,가격 ↑ + 거래량 ↓,270.44482118349885,288.06584362139915,6.5155702966648095,2892.0,1565,-45.88520055325034,1.25,1.5,0.25,0.3432930464489139,-1.0116497050724977,1.355,주택가격은 상승했지만 거래량은 감소하는 엇갈린 흐름이 나타남,72,LOW
2018-04-01,대전광역시,rate_price_reverse,금리 ↑ + 주택가격 ↑,254.72906249236684,270.74431142658705,6.2871698963286216,1533.0,1259,-17.873450750163077,1.25,1.5,0.25,1.0975783284615501,-0.3769575941076325,1.348,금리가 상승한 기간에도 주택가격 상승폭이 같은 시점의 다른 지역보다 크게 나타남,67,LOW
2018-06-01,서울특별시,rate_price_reverse,금리 ↑ + 주택가격 ↑,630.9834638816362,661.332078136032,4.809732107351828,12836.0,5238,-59.1928949828607,1.25,1.5,0.25,1.097119612855114,-1.3137016257355327,1.347,금리가 상승한 기간에도 주택가격 상승폭이 같은 시점의 다른 지역보다 크게 나타남,68,LOW
2018-06-01,대전광역시,rate_price_reverse,금리 ↑ + 주택가격 ↑,262.83720835561354,275.42098853572577,4.7876707635269895,1734.0,1260,-27.33564013840831,1.25,1.5,0.25,1.0919391533512046,0.021722432782916606,1.342,금리가 상승한 기간에도 주택가격 상승폭이 같은 시점의 다른 지역보다 크게 나타남,70,LOW
2018-01-01,대구광역시,rate_price_reverse,금리 ↑ + 주택가격 ↑,297.7185358515795,337.1381501529772,13.24056434331298,1296.0,2843,119.36728395061729,1.25,1.5,0.25,1.091809957527867,1.0791280029085621,1.342,금리가 상승한 기간에도 주택가격 상승폭이 같은 시점의 다른 지역보다 크게 나타남,69,LOW
2018-09-01,대전광역시,rate_price_reverse,금리 ↑ + 주택가격 ↑,282.176190813544,307.5179297091776,8.980821104208223,1965.0,2089,6.310432569974554,1.25,1.5,0.25,1.0908208155413843,0.1966121167686965,1.341,금리가 상승한 기간에도 주택가격 상승폭이 같은 시점의 다른 지역보다 크게 나타남,71,LOW
2018-10-01,부산광역시,price_volume_cross,가격 ↑ + 거래량 ↓,334.1086955489834,342.6233533417839,2.5484693772515654,2412.0,2326,-3.565505804311774,1.25,1.5,0.25,0.43218039048357254,-0.9065616173523292,1.339,주택가격은 상승했지만 거래량은 감소하는 엇갈린 흐름이 나타남,73,LOW
2018-02-01,광주광역시,rate_price_reverse,금리 ↑ + 주택가격 ↑,224.60262612301312,258.5919252585919,15.133081799748465,1519.0,1857,22.251481237656353,1.25,1.5,0.25,1.0876006992003813,0.5972327532590572,1.338,금리가 상승한 기간에도 주택가격 상승폭이 같은 시점의 다른 지역보다 크게 나타남,72,LOW
2022-03-01,인천광역시,price_volume_cross,가격 ↑ + 거래량 ↓,387.0144908151891,470.3753957485301,21.539478988952972,4310.0,2442,-43.34106728538283,1.25,1.25,0.0,0.6151240527542986,-0.712783223098776,1.328,주택가격은 상승했지만 거래량은 감소하는 엇갈린 흐름이 나타남,74,LOW
2019-03-01,충청남도,rate_price_reverse,금리 ↑ + 주택가격 ↑,200.81984702548155,206.13335060927128,2.6459056027044516,2145.0,3790,76.68997668997669,1.5,1.75,0.25,1.055271106918453,1.3245099975937584,1.305,금리가 상승한 기간에도 주택가격 상승폭이 같은 시점의 다른 지역보다 크게 나타남,73,LOW
2017-08-01,인천광역시,price_volume_cross,가격 ↑ + 거래량 ↓,317.6852703112759,343.027591349739,7.977178486629895,4268.0,3379,-20.829428303655106,1.25,1.25,0.0,1.290255441791869,-0.011083673280708303,1.301,주택가격은 상승했지만 거래량은 감소하는 엇갈린 흐름이 나타남,75,LOW
2018-02-01,대구광역시,rate_price_reverse,금리 ↑ + 주택가격 ↑,300.4763925614267,345.0575095849308,14.836811851829715,1940.0,2843,46.54639175257732,1.25,1.5,0.25,1.046855800493297,1.3573672959082963,1.297,금리가 상승한 기간에도 주택가격 상승폭이 같은 시점의 다른 지역보다 크게 나타남,74,LOW
2018-05-01,대구광역시,rate_price_reverse,금리 ↑ + 주택가격 ↑,312.81351973057656,327.6998100746656,4.758838542819528,2492.0,2602,4.414125200642054,1.25,1.5,0.25,1.0373692135648753,0.7109549209230883,1.287,금리가 상승한 기간에도 주택가격 상승폭이 같은 시점의 다른 지역보다 크게 나타남,75,LOW
2017-04-01,전라남도,price_volume_cross,가격 ↑ + 거래량 ↓,149.78067829250023,168.43971631205673,12.457573454913907,1699.0,1422,-16.303708063566805,1.5,1.25,-0.25,1.1949719746562626,-0.07005907728476488,1.265,주택가격은 상승했지만 거래량은 감소하는 엇갈린 흐름이 나타남,76,LOW
2016-04-01,강원도,price_volume_cross,가격 ↑ + 거래량 ↓,165.54758817278676,189.3748952572482,14.39302580451501,2006.0,1763,-12.113659022931206,1.75,1.5,-0.25,1.1110209947982392,-0.13871102218185458,1.25,주택가격은 상승했지만 거래량은 감소하는 엇갈린 흐름이 나타남,77,LOW
2017-08-01,서울특별시,price_volume_cross,가격 ↑ + 거래량 ↓,598.3920366782763,626.9215144580029,4.767690081254432,11006.0,5110,-53.5707795747774,1.25,1.25,0.0,0.40210242863871454,-0.8213007721618287,1.223,주택가격은 상승했지만 거래량은 감소하는 엇갈린 흐름이 나타남,78,LOW
2017-08-01,전라남도,price_volume_cross,가격 ↑ + 거래량 ↓,153.2838108713595,164.8936170212766,7.5740589198036234,1785.0,1391,-22.07282913165266,1.25,1.25,0.0,1.1787012584715328,-0.041852855751656134,1.221,주택가격은 상승했지만 거래량은 감소하는 엇갈린 흐름이 나타남,79,LOW
2018-03-01,전라북도,price_volume_cross,가격 ↑ + 거래량 ↓,174.5235707121364,184.84442957510876,5.913733497921518,2007.0,1737,-13.452914798206278,1.25,1.5,0.25,0.16839777758298521,-1.04747667869529,1.216,주택가격은 상승했지만 거래량은 감소하는 엇갈린 흐름이 나타남,80,LOW
2023-03-01,전라북도,price_volume_cross,가격 ↑ + 거래량 ↓,200.80321285140565,216.70043904086455,7.916818642350535,4690.0,2742,-41.53518123667377,1.25,3.5,2.25,0.048100163262451666,-1.1585146857150603,1.207,주택가격은 상승했지만 거래량은 감소하는 엇갈린 흐름이 나타남,81,LOW
2016-09-01,강원도,price_volume_cross,가격 ↑ + 거래량 ↓,173.55412343555588,197.7633902295468,13.949116457022868,1718.0,1547,-9.953434225844005,1.5,1.25,-0.25,0.6092741362606513,-0.5894403513021478,1.199,주택가격은 상승했지만 거래량은 감소하는 엇갈린 흐름이 나타남,82,LOW
2021-04-01,인천광역시,price_volume_cross,가격 ↑ + 거래량 ↓,372.975056257071,400.35085355430766,7.339846683572331,4351.0,94,-97.83957710871064,1.25,0.5,-0.75,0.785441573847921,-0.40789039445763675,1.193,주택가격은 상승했지만 거래량은 감소하는 엇갈린 흐름이 나타남,83,LOW
2022-05-01,대전광역시,price_volume_cross,가격 ↑ + 거래량 ↓,301.4612001702369,353.1914787767696,17.159846301056422,2197.0,1356,-38.279472007282656,0.75,1.75,1.0,0.5416642952202801,-0.6505068736368796,1.192,주택가격은 상승했지만 거래량은 감소하는 엇갈린 흐름이 나타남,84,LOW
2016-01-01,광주광역시,price_volume_cross,가격 ↑ + 거래량 ↓,210.31547320981477,231.62679943716853,10.133028208577489,2493.0,1225,-50.862414761331735,2.0,1.5,-0.5,0.552329451057283,-0.6256315972705395,1.178,주택가격은 상승했지만 거래량은 감소하는 엇갈린 흐름이 나타남,85,LOW
2023-04-01,강원도,price_volume_cross,가격 ↑ + 거래량 ↓,237.25981620718463,252.2124773518746,6.302230771195038,4094.0,2340,-42.843185148998536,1.5,3.5,2.0,0.04242289204407824,-1.1306610086138773,1.173,주택가격은 상승했지만 거래량은 감소하는 엇갈린 흐름이 나타남,86,LOW
2022-10-01,경상남도,price_volume_cross,가격 ↑ + 거래량 ↓,248.4484941572054,264.026402640264,6.270075629116792,6423.0,2448,-61.88696870621205,0.5,3.0,2.5,0.39852001391374897,-0.769240426731792,1.168,주택가격은 상승했지만 거래량은 감소하는 엇갈린 흐름이 나타남,87,LOW
2023-01-01,경기도,price_volume_cross,가격 ↑ + 거래량 ↓,431.67408606502096,558.3798688670333,29.352186497228676,12193.0,9744,-20.085294841302385,0.5,3.5,3.0,0.7988122418324912,-0.3338188680614479,1.133,주택가격은 상승했지만 거래량은 감소하는 엇갈린 흐름이 나타남,88,LOW
2016-05-01,부산광역시,price_volume_cross,가격 ↑ + 거래량 ↓,285.2090582396897,312.4850185598641,9.563497207459555,5377.0,4192,-22.038311326018224,1.75,1.5,-0.25,0.6789121861706591,-0.4525743702072944,1.131,주택가격은 상승했지만 거래량은 감소하는 엇갈린 흐름이 나타남,89,LOW
2018-09-01,부산광역시,price_volume_cross,가격 ↑ + 거래량 ↓,343.87088743199547,360.8432522809867,4.935679485908125,2596.0,2034,-21.64869029275809,1.25,1.5,0.25,0.38336847942829466,-0.7459038996006674,1.129,주택가격은 상승했지만 거래량은 감소하는 엇갈린 흐름이 나타남,90,LOW
2022-10-01,강원도,price_volume_cross,가격 ↑ + 거래량 ↓,195.7831325301205,219.870920978172,12.303301176543226,3279.0,1692,-48.39890210430009,0.5,3.0,2.5,0.815070160452193,-0.31078619224193793,1.126,주택가격은 상승했지만 거래량은 감소하는 엇갈린 흐름이 나타남,91,LOW
2023-03-01,강원도,price_volume_cross,가격 ↑ + 거래량 ↓,227.02702702702703,247.3906180053248,8.96967697853592,3926.0,2722,-30.66734589913398,1.25,3.5,2.25,0.14112007023480694,-0.9531936954561709,1.094,주택가격은 상승했지만 거래량은 감소하는 엇갈린 흐름이 나타남,92,LOW
2022-09-01,강원도,price_volume_cross,가격 ↑ + 거래량 ↓,196.00271479058003,221.60499928866813,13.062209125747554,4218.0,1824,-56.75675675675676,0.5,2.5,2.0,0.8806798523414522,-0.21168297207609862,1.092,주택가격은 상승했지만 거래량은 감소하는 엇갈린 흐름이 나타남,93,LOW
2021-04-01,대구광역시,price_volume_cross,가격 ↑ + 거래량 ↓,349.09093769759284,363.6949413189007,4.18343819453683,3497.0,49,-98.59879897054618,1.25,0.5,-0.75,0.5934936814709924,-0.49341717212549807,1.087,주택가격은 상승했지만 거래량은 감소하는 엇갈린 흐름이 나타남,94,LOW
2016-02-01,인천광역시,price_volume_cross,가격 ↑ + 거래량 ↓,285.04117698587294,305.9353117705902,7.330216288628646,3882.0,2319,-40.26275115919629,2.0,1.5,-0.5,0.4530973389761199,-0.6144613341298588,1.068,주택가격은 상승했지만 거래량은 감소하는 엇갈린 흐름이 나타남,95,LOW
2022-03-01,제주특별자치도,price_volume_cross,가격 ↑ + 거래량 ↓,338.855421686747,408.56579318117775,20.572305187689793,382.0,247,-35.340314136125656,0.5,1.25,0.75,0.5595959071674192,-0.4927322296751764,1.052,주택가격은 상승했지만 거래량은 감소하는 엇갈린 흐름이 나타남,96,LOW
2019-04-01,제주특별자치도,price_volume_cross,가격 ↑ + 거래량 ↓,346.16254420387656,350.28671154325605,1.1913961832192062,194.0,182,-6.185567010309279,1.5,1.75,0.25,0.1645460263206428,-0.8839266391053987,1.048,주택가격은 상승했지만 거래량은 감소하는 엇갈린 흐름이 나타남,97,LOW
2022-04-01,대전광역시,price_volume_cross,가격 ↑ + 거래량 ↓,308.3495704871042,353.3412182140745,14.591117365883264,2968.0,1490,-49.79784366576819,1.25,1.5,0.25,0.394321992498605,-0.652912906437521,1.047,주택가격은 상승했지만 거래량은 감소하는 엇갈린 흐름이 나타남,98,LOW
2023-01-01,광주광역시,price_volume_cross,가격 ↑ + 거래량 ↓,264.7412755716005,333.50008337502084,25.972076947564677,1885.0,1298,-31.140583554376654,0.5,3.5,3.0,0.5169465809727481,-0.5273104767589932,1.044,주택가격은 상승했지만 거래량은 감소하는 엇갈린 흐름이 나타남,99,LOW
2023-04-01,전라남도,price_volume_cross,가격 ↑ + 거래량 ↓,194.1867876463436,212.6014688828759,9.482973306129077,2944.0,2206,-25.0679347826087,1.5,3.5,2.0,0.3931950093952279,-0.6473143424872454,1.041,주택가격은 상승했지만 거래량은 감소하는 엇갈린 흐름이 나타남,100,LOW
2022-07-01,대전광역시,price_volume_cross,가격 ↑ + 거래량 ↓,317.8115730495786,364.6723646723647,14.744834863353395,2609.0,994,-61.90111153698735,0.5,2.25,1.75,0.6399659669228415,-0.3909469430110065,1.031,주택가격은 상승했지만 거래량은 감소하는 엇갈린 흐름이 나타남,101,LOW
2016-04-01,서울특별시,price_volume_cross,가격 ↑ + 거래량 ↓,524.6699121096532,590.0324613328241,12.457842105020601,11796.0,10443,-11.46998982706002,1.75,1.5,-0.25,0.9001070417824197,-0.12736401701296263,1.027,주택가격은 상승했지만 거래량은 감소하는 엇갈린 흐름이 나타남,102,LOW
2017-12-01,부산광역시,price_volume_cross,가격 ↑ + 거래량 ↓,333.7459459855657,353.06578792515006,5.7887870016014915,3302.0,2109,-36.12961841308298,1.25,1.5,0.25,0.25820564176487404,-0.7633800918726933,1.022,주택가격은 상승했지만 거래량은 감소하는 엇갈린 흐름이 나타남,103,LOW
2017-09-01,대전광역시,price_volume_cross,가격 ↑ + 거래량 ↓,272.7576974564926,282.176190813544,3.45306234979994,3843.0,1965,-48.86807181889149,1.25,1.25,0.0,0.043919219464323866,-0.9680848366166082,1.012,주택가격은 상승했지만 거래량은 감소하는 엇갈린 흐름이 나타남,104,LOW
2016-02-01,서울특별시,price_volume_cross,가격 ↑ + 거래량 ↓,515.3738644304682,546.9897209985317,6.1345478981557715,9827.0,5355,-45.50727587259591,2.0,1.5,-0.5,0.30286051536546005,-0.7062565906221199,1.009,주택가격은 상승했지만 거래량은 감소하는 엇갈린 흐름이 나타남,105,LOW
2023-04-01,광주광역시,price_volume_cross,가격 ↑ + 거래량 ↓,310.4164962095689,329.43850736118577,6.127899574890733,3492.0,2186,-37.399770904925546,1.5,3.5,2.0,0.02319765700024645,-0.9826430582060559,1.006,주택가격은 상승했지만 거래량은 감소하는 엇갈린 흐름이 나타남,106,LOW
2023-04-01,경상북도,price_volume_cross,가격 ↑ + 거래량 ↓,197.69357495881383,213.6891742306132,8.091107298318512,5182.0,3692,-28.75337707448861,1.5,3.5,2.0,0.239700100182487,-0.7475293160186726,0.987,주택가격은 상승했지만 거래량은 감소하는 엇갈린 흐름이 나타남,107,LOW
2022-06-01,제주특별자치도,price_volume_cross,가격 ↑ + 거래량 ↓,347.4266870804381,408.4380610412926,17.56093478988527,442.0,227,-48.64253393665158,0.5,1.75,1.25,0.21174614390589439,-0.7607004552221445,0.972,주택가격은 상승했지만 거래량은 감소하는 엇갈린 흐름이 나타남,108,LOW
2016-03-01,광주광역시,price_volume_cross,가격 ↑ + 거래량 ↓,211.3341204250295,230.8100421845557,9.215701525317698,2937.0,1712,-41.70922710248553,1.75,1.5,-0.25,0.44986926813361316,-0.5187466435324976,0.969,주택가격은 상승했지만 거래량은 감소하는 엇갈린 흐름이 나타남,109,LOW
2022-09-01,제주특별자치도,price_volume_cross,가격 ↑ + 거래량 ↓,368.8929673305946,373.97968925749547,1.3789153975229433,508.0,114,-77.55905511811024,0.5,2.5,2.0,0.14406241079053755,-0.8232156355296447,0.967,주택가격은 상승했지만 거래량은 감소하는 엇갈린 흐름이 나타남,110,LOW
2017-11-01,부산광역시,price_volume_cross,가격 ↑ + 거래량 ↓,329.7119965709952,342.179936571524,3.7814638624603867,4675.0,2699,-42.26737967914438,1.25,1.5,0.25,0.06081776264521011,-0.8364948655521295,0.897,주택가격은 상승했지만 거래량은 감소하는 엇갈린 흐름이 나타남,111,LOW
2018-11-01,인천광역시,price_volume_cross,가격 ↑ + 거래량 ↓,336.3585936670167,341.4985023166392,1.5281038589163651,2589.0,2024,-21.823097721127848,1.5,1.75,0.25,0.458714333290827,-0.42595158339778105,0.885,주택가격은 상승했지만 거래량은 감소하는 엇갈린 흐름이 나타남,112,LOW
2018-02-01,전라남도,price_volume_cross,가격 ↑ + 거래량 ↓,162.1209231356094,176.63683466792276,8.95375578399047,1519.0,1255,-17.3798551678736,1.25,1.5,0.25,0.237781085841696,-0.64274496778231,0.881,주택가격은 상승했지만 거래량은 감소하는 엇갈린 흐름이 나타남,113,LOW
2023-03-01,광주광역시,price_volume_cross,가격 ↑ + 거래량 ↓,302.53863097144404,330.4799816427723,9.235630696684684,2852.0,2338,-18.022440392706873,1.25,3.5,2.25,0.16461704914536185,-0.71429933980269,0.879,주택가격은 상승했지만 거래량은 감소하는 엇갈린 흐름이 나타남,114,LOW
2023-03-01,경상남도,price_volume_cross,가격 ↑ + 거래량 ↓,266.9068828612418,287.2411489645958,7.618486973947877,4815.0,3603,-25.171339563862926,1.25,3.5,2.25,0.021742596353434524,-0.8493601878459575,0.871,주택가격은 상승했지만 거래량은 감소하는 엇갈린 흐름이 나타남,115,LOW
2016-04-01,인천광역시,price_volume_cross,가격 ↑ + 거래량 ↓,285.5659397715472,311.105612607844,8.943529069583208,4965.0,3762,-24.229607250755286,1.75,1.5,-0.25,0.5170851846673684,-0.35229857313040175,0.869,주택가격은 상승했지만 거래량은 감소하는 엇갈린 흐름이 나타남,116,LOW
2016-04-01,경기도,price_volume_cross,가격 ↑ + 거래량 ↓,333.1330764543384,362.07099893855406,8.686595396714416,20304.0,15129,-25.48758865248227,1.75,1.5,-0.25,0.4890822118117225,-0.3744750599955937,0.864,주택가격은 상승했지만 거래량은 감소하는 엇갈린 흐름이 나타남,117,LOW
2022-11-01,제주특별자치도,price_volume_cross,가격 ↑ + 거래량 ↓,343.25259515570934,371.967114497694,8.365419445396743,380.0,123,-67.63157894736842,0.5,3.25,2.75,0.03394816951421127,-0.829441919357832,0.863,주택가격은 상승했지만 거래량은 감소하는 엇갈린 흐름이 나타남,118,LOW
2016-10-01,강원도,price_volume_cross,가격 ↑ + 거래량 ↓,177.9000309249825,197.02788445483387,10.752023723884154,2042.0,1801,-11.802154750244858,1.5,1.25,-0.25,0.29099734550266665,-0.5675950030728425,0.859,주택가격은 상승했지만 거래량은 감소하는 엇갈린 흐름이 나타남,119,LOW
2023-03-01,경상북도,price_volume_cross,가격 ↑ + 거래량 ↓,194.35844513243893,211.995737803912,9.074621202826936,4742.0,3916,-17.418810628426822,1.25,3.5,2.25,0.1503918797891717,-0.7028952416449259,0.853,주택가격은 상승했지만 거래량은 감소하는 엇갈린 흐름이 나타남,120,LOW
2021-04-01,강원도,price_volume_cross,가격 ↑ + 거래량 ↓,202.3578026251823,217.55438859714928,7.509760322963624,3178.0,169,-94.6821900566394,1.25,0.5,-0.75,0.7957743825070493,-0.05220893428338252,0.848,주택가격은 상승했지만 거래량은 감소하는 엇갈린 흐름이 나타남,121,LOW
2016-04-01,부산광역시,price_volume_cross,가격 ↑ + 거래량 ↓,283.8383696645503,307.3838957567658,8.295399286587775,6238.0,4613,-26.050016030779094,1.75,1.5,-0.25,0.4464460951408462,-0.38438988333900814,0.831,주택가격은 상승했지만 거래량은 감소하는 엇갈린 흐름이 나타남,122,LOW
2016-01-01,인천광역시,price_volume_cross,가격 ↑ + 거래량 ↓,285.3421738100876,309.63032728985166,8.511939597099053,3975.0,2323,-41.55974842767296,2.0,1.5,-0.5,0.38067443416851915,-0.4400029750745153,0.821,주택가격은 상승했지만 거래량은 감소하는 엇갈린 흐름이 나타남,123,LOW
2018-08-01,전라남도,price_volume_cross,가격 ↑ + 거래량 ↓,164.8936170212766,176.2705898158651,6.8995835012343045,1391.0,1210,-13.012221423436376,1.25,1.5,0.25,0.4750338659800441,-0.333045709055262,0.808,주택가격은 상승했지만 거래량은 감소하는 엇갈린 흐름이 나타남,124,LOW
2016-03-01,강원도,price_volume_cross,가격 ↑ + 거래량 ↓,168.98008449004223,189.4779713567336,12.130356620752718,2285.0,1970,-13.785557986870897,1.75,1.5,-0.25,0.7333968119245002,-0.06905529265087472,0.802,주택가격은 상승했지만 거래량은 감소하는 엇갈린 흐름이 나타남,125,LOW
2022-03-01,대전광역시,price_volume_cross,가격 ↑ + 거래량 ↓,305.9455219472917,350.6294858218614,14.605202779293455,2262.0,1390,-38.5499557913351,1.25,1.25,0.0,0.2170079143656084,-0.5810095232732396,0.798,주택가격은 상승했지만 거래량은 감소하는 엇갈린 흐름이 나타남,126,LOW
2018-03-01,인천광역시,price_volume_cross,가격 ↑ + 거래량 ↓,318.27228882191014,336.80700525877035,5.82354075042686,3336.0,3306,-0.8992805755395683,1.25,1.5,0.25,0.15301534933786917,-0.6363468904338223,0.789,주택가격은 상승했지만 거래량은 감소하는 엇갈린 흐름이 나타남,127,LOW
2017-06-01,부산광역시,price_volume_cross,가격 ↑ + 거래량 ↓,321.8580523461448,343.07346504199694,6.5915432412534,5091.0,4145,-18.58181103908859,1.25,1.25,0.0,0.20448693367866577,-0.5784828029338948,0.783,주택가격은 상승했지만 거래량은 감소하는 엇갈린 흐름이 나타남,128,LOW
2018-05-01,전라북도,price_volume_cross,가격 ↑ + 거래량 ↓,178.2166750091205,181.56972132261308,1.881443649041804,1802.0,1350,-25.083240843507216,1.25,1.5,0.25,0.38919629869631817,-0.38860149187444004,0.778,주택가격은 상승했지만 거래량은 감소하는 엇갈린 흐름이 나타남,129,LOW
2022-11-01,강원도,price_volume_cross,가격 ↑ + 거래량 ↓,194.2227558443393,217.46405913509108,11.966313210681975,3367.0,1528,-54.618354618354616,0.5,3.25,2.75,0.24701209149070966,-0.5219798326983214,0.769,주택가격은 상승했지만 거래량은 감소하는 엇갈린 흐름이 나타남,130,LOW
2022-10-01,전라북도,price_volume_cross,가격 ↑ + 거래량 ↓,183.4097553389344,194.5447252306458,6.0710892237626135,3786.0,1882,-50.290544109878496,0.5,3.0,2.5,0.38478145637800454,-0.3750823818435942,0.76,주택가격은 상승했지만 거래량은 감소하는 엇갈린 흐름이 나타남,131,LOW
2017-10-01,경기도,price_volume_cross,가격 ↑ + 거래량 ↓,382.0391236351023,391.77767033992967,2.5490967030195937,21698.0,10601,-51.142962485021656,1.25,1.25,0.0,0.38206074031059584,-0.37410478354460813,0.756,주택가격은 상승했지만 거래량은 감소하는 엇갈린 흐름이 나타남,132,LOW
2016-02-01,강원도,price_volume_cross,가격 ↑ + 거래량 ↓,165.2559451833938,179.76588628762542,8.780283873072838,1609.0,1429,-11.187072715972654,2.0,1.5,-0.5,0.6352996532996747,-0.105547846971914,0.741,주택가격은 상승했지만 거래량은 감소하는 엇갈린 흐름이 나타남,133,LOW
2023-03-01,충청북도,price_volume_cross,가격 ↑ + 거래량 ↓,225.4509018036072,247.35113531581905,9.713970242305527,3682.0,3372,-8.419337316675719,1.25,3.5,2.25,0.20687829028826796,-0.5328723516408274,0.74,주택가격은 상승했지만 거래량은 감소하는 엇갈린 흐름이 나타남,134,LOW
2017-07-01,경기도,price_volume_cross,가격 ↑ + 거래량 ↓,373.3364739135556,408.52575488454704,9.425620969233066,18863.0,17981,-4.675820389121561,1.25,1.25,0.0,0.6779819296633897,-0.059388722054706425,0.737,주택가격은 상승했지만 거래량은 감소하는 엇갈린 흐름이 나타남,135,LOW
2016-04-01,광주광역시,price_volume_cross,가격 ↑ + 거래량 ↓,212.99751243781097,227.80965237934527,6.954137525835664,2221.0,1585,-28.635749662314275,1.75,1.5,-0.25,0.30026316684153553,-0.4299728210818906,0.73,주택가격은 상승했지만 거래량은 감소하는 엇갈린 흐름이 나타남,136,LOW
2016-03-01,서울특별시,price_volume_cross,가격 ↑ + 거래량 ↓,516.8351788029479,550.7126870067145,6.554799207405154,15500.0,8839,-42.9741935483871,1.75,1.5,-0.25,0.1910259148851151,-0.5391180520147486,0.73,주택가격은 상승했지만 거래량은 감소하는 엇갈린 흐름이 나타남,137,LOW
2017-01-01,서울특별시,price_volume_cross,가격 ↑ + 거래량 ↓,542.0373553252384,593.9662394090954,9.580314635823958,4986.0,3716,-25.47131969514641,1.5,1.25,-0.25,0.34219565624704806,-0.379488175526363,0.722,주택가격은 상승했지만 거래량은 감소하는 엇갈린 흐름이 나타남,138,LOW
2018-08-01,전라북도,price_volume_cross,가격 ↑ + 거래량 ↓,177.16585985952568,185.42307971980517,4.6607285776315015,1582.0,1247,-21.175726927939316,1.25,1.5,0.25,0.223600541711237,-0.4756671433144136,0.699,주택가격은 상승했지만 거래량은 감소하는 엇갈린 흐름이 나타남,139,LOW
2016-07-01,강원도,price_volume_cross,가격 ↑ + 거래량 ↓,170.96596155135683,195.78396506292728,14.516341900089463,1798.0,1717,-4.505005561735262,1.5,1.25,-0.25,0.3436187763081124,-0.33984567778918373,0.683,주택가격은 상승했지만 거래량은 감소하는 엇갈린 흐름이 나타남,140,LOW
2022-12-01,경상남도,price_volume_cross,가격 ↑ + 거래량 ↓,228.03782745137724,270.68377449174926,18.701260013304193,2227.0,1818,-18.365514144589135,0.5,3.25,2.75,0.3045445275361115,-0.3773411931158116,0.682,주택가격은 상승했지만 거래량은 감소하는 엇갈린 흐름이 나타남,141,LOW
2017-05-01,제주특별자치도,price_volume_cross,가격 ↑ + 거래량 ↓,323.1577941767909,358.8278879171197,11.03798032512088,190.0,162,-14.736842105263156,1.5,1.25,-0.25,0.03884034641480976,-0.6323525449478546,0.671,주택가격은 상승했지만 거래량은 감소하는 엇갈린 흐름이 나타남,142,LOW
2017-09-01,인천광역시,price_volume_cross,가격 ↑ + 거래량 ↓,322.8070175438597,341.42490625616733,5.767498133704003,4577.0,3433,-24.994537906925935,1.25,1.25,0.0,0.5305481272242404,-0.1358160338005727,0.666,주택가격은 상승했지만 거래량은 감소하는 엇갈린 흐름이 나타남,143,LOW
2022-12-01,강원도,price_volume_cross,가격 ↑ + 거래량 ↓,197.7750309023486,229.38623682579043,15.983415995040282,1879.0,1338,-28.791910590739754,0.5,3.25,2.75,0.14563778750951023,-0.5148507403836486,0.66,주택가격은 상승했지만 거래량은 감소하는 엇갈린 흐름이 나타남,144,LOW
2016-01-01,서울특별시,price_volume_cross,가격 ↑ + 거래량 ↓,513.03857301482,542.0373553252384,5.652359069223575,9600.0,4986,-48.0625,2.0,1.5,-0.5,0.07787707914942549,-0.5697611295174623,0.648,주택가격은 상승했지만 거래량은 감소하는 엇갈린 흐름이 나타남,145,LOW
2016-05-01,경기도,price_volume_cross,가격 ↑ + 거래량 ↓,339.5585738539898,363.258211619208,6.9795433218567595,17583.0,15878,-9.6968662913041,1.75,1.5,-0.25,0.4659572494082194,-0.164060025147526,0.63,주택가격은 상승했지만 거래량은 감소하는 엇갈린 흐름이 나타남,146,LOW
2016-05-01,인천광역시,price_volume_cross,가격 ↑ + 거래량 ↓,290.2685177682628,313.3057504347305,7.936524719797395,3964.0,3727,-5.978809283551968,1.75,1.5,-0.25,0.5448262703364847,-0.07714048051809619,0.622,주택가격은 상승했지만 거래량은 감소하는 엇갈린 흐름이 나타남,147,LOW
2016-05-01,광주광역시,price_volume_cross,가격 ↑ + 거래량 ↓,215.3954802259887,227.1099645454237,5.43859337584261,1731.0,1492,-13.807047949162335,1.75,1.5,-0.25,0.338960827321927,-0.26014653412261624,0.599,주택가격은 상승했지만 거래량은 감소하는 엇갈린 흐름이 나타남,148,LOW
2016-03-01,인천광역시,price_volume_cross,가격 ↑ + 거래량 ↓,285.8876870088652,300.8987370695506,5.250680859235423,6500.0,3722,-42.738461538461536,1.75,1.5,-0.25,0.06416580280931353,-0.5353217512653535,0.599,주택가격은 상승했지만 거래량은 감소하는 엇갈린 흐름이 나타남,149,LOW
2016-06-01,부산광역시,price_volume_cross,가격 ↑ + 거래량 ↓,289.81252071023664,321.8580523461448,11.05733166992749,5620.0,5091,-9.412811387900357,1.5,1.25,-0.25,0.2164963457806703,-0.3563731594729347,0.573,주택가격은 상승했지만 거래량은 감소하는 엇갈린 흐름이 나타남,150,LOW
2018-05-01,대전광역시,price_volume_cross,가격 ↑ + 거래량 ↓,257.2982032764745,263.42624065261725,2.381686812464052,1570.0,1311,-16.4968152866242,1.25,1.5,0.25,0.5018829758290377,-0.0685302261909755,0.57,주택가격은 상승했지만 거래량은 감소하는 엇갈린 흐름이 나타남,151,LOW
2017-01-01,경기도,price_volume_cross,가격 ↑ + 거래량 ↓,342.3513694054776,368.763557483731,7.714935717686894,10179.0,7131,-29.944002357795462,1.5,1.25,-0.25,0.0050598997091316255,-0.548902818889816,0.554,주택가격은 상승했지만 거래량은 감소하는 엇갈린 흐름이 나타남,152,LOW
2017-01-01,전라북도,price_volume_cross,가격 ↑ + 거래량 ↓,173.13834257858463,190.64820389323705,10.113219899113329,1639.0,1337,-18.42586943258084,1.5,1.25,-0.25,0.4385092884829722,-0.11262317892484852,0.551,주택가격은 상승했지만 거래량은 감소하는 엇갈린 흐름이 나타남,153,LOW
2017-05-01,부산광역시,price_volume_cross,가격 ↑ + 거래량 ↓,312.4850185598641,346.001134429949,10.725671273633894,4192.0,3735,-10.901717557251908,1.5,1.25,-0.25,0.019107235436853037,-0.5105068998710519,0.53,주택가격은 상승했지만 거래량은 감소하는 엇갈린 흐름이 나타남,154,LOW
2022-11-01,경상남도,price_volume_cross,가격 ↑ + 거래량 ↓,238.93065998329155,261.04920608068005,9.257307579920992,4193.0,2046,-51.204388266157885,0.5,3.25,2.75,0.08672095213224745,-0.44131840768227293,0.528,주택가격은 상승했지만 거래량은 감소하는 엇갈린 흐름이 나타남,155,LOW
2018-08-01,세종특별자치시,price_volume_cross,가격 ↑ + 거래량 ↓,373.8252206719038,388.8904601634754,4.030022229236884,246.0,209,-15.040650406504067,1.25,1.5,0.25,0.152769425258587,-0.36848360405004965,0.521,주택가격은 상승했지만 거래량은 감소하는 엇갈린 흐름이 나타남,156,LOW
2017-07-01,광주광역시,price_volume_cross,가격 ↑ + 거래량 ↓,230.6920762286861,249.78114694318535,8.274697174937286,1967.0,1885,-4.168784951703102,1.25,1.25,0.0,0.45681769825040924,-0.04969264403278276,0.507,주택가격은 상승했지만 거래량은 감소하는 엇갈린 흐름이 나타남,157,LOW
2016-03-01,부산광역시,price_volume_cross,가격 ↑ + 거래량 ↓,282.89876939035315,298.22723765464383,5.418358056955682,7011.0,4562,-34.930822992440454,1.75,1.5,-0.25,0.08047685933666171,-0.40958514013382,0.49,주택가격은 상승했지만 거래량은 감소하는 엇갈린 흐름이 나타남,158,LOW
2017-06-01,경기도,price_volume_cross,가격 ↑ + 거래량 ↓,373.171961674231,400.564555663314,7.340474848696167,18715.0,18452,-1.4052898744322737,1.25,1.25,0.0,0.3416607090754844,-0.14198964208707868,0.484,주택가격은 상승했지만 거래량은 감소하는 엇갈린 흐름이 나타남,159,LOW
2022-12-01,충청북도,price_volume_cross,가격 ↑ + 거래량 ↓,194.452387760938,225.75964570128724,16.10021779667666,1832.0,1580,-13.755458515283841,0.5,3.25,2.75,0.15246694819810874,-0.3165410244535738,0.469,주택가격은 상승했지만 거래량은 감소하는 엇갈린 흐름이 나타남,160,LOW
2016-02-01,부산광역시,price_volume_cross,가격 ↑ + 거래량 ↓,283.7405924879436,298.1218324555302,5.068446443100185,4000.0,3189,-20.275000000000002,2.0,1.5,-0.5,0.16890389534399292,-0.2646144281415816,0.434,주택가격은 상승했지만 거래량은 감소하는 엇갈린 흐름이 나타남,161,LOW
2017-08-01,강원도,price_volume_cross,가격 ↑ + 거래량 ↓,190.57171514543631,199.04257999496096,4.444974871040038,1679.0,1263,-24.77665276950566,1.25,1.25,0.0,0.3127983246381465,-0.10876164413998471,0.422,주택가격은 상승했지만 거래량은 감소하는 엇갈린 흐름이 나타남,162,LOW
2017-09-01,경기도,price_volume_cross,가격 ↑ + 거래량 ↓,380.6789815277084,394.08185840707966,3.520781952705658,18619.0,13077,-29.765293517374726,1.25,1.25,0.0,0.05815781559437345,-0.30213205031817914,0.36,주택가격은 상승했지만 거래량은 감소하는 엇갈린 흐름이 나타남,163,LOW
2016-07-01,부산광역시,price_volume_cross,가격 ↑ + 거래량 ↓,299.9944935432329,327.1993039850244,9.068436597110722,5486.0,5282,-3.718556325191396,1.5,1.25,-0.25,0.0024342123978072523,-0.32749699027557677,0.33,주택가격은 상승했지만 거래량은 감소하는 엇갈린 흐름이 나타남,164,LOW
2018-09-01,인천광역시,price_volume_cross,가격 ↑ + 거래량 ↓,341.42490625616733,355.2196263607964,4.040337963592798,3433.0,3364,-2.00990387416254,1.25,1.5,0.25,0.22678274984209326,-0.0838705864506445,0.311,주택가격은 상승했지만 거래량은 감소하는 엇갈린 흐름이 나타남,165,LOW
2017-06-01,서울특별시,price_volume_cross,가격 ↑ + 거래량 ↓,595.2138295187622,630.9834638816362,6.009543560470403,13280.0,12836,-3.3433734939759034,1.25,1.25,0.0,0.09788829009177738,-0.19124060722551123,0.289,주택가격은 상승했지만 거래량은 감소하는 엇갈린 흐름이 나타남,166,LOW
2017-06-01,인천광역시,price_volume_cross,가격 ↑ + 거래량 ↓,316.7722574191397,334.5153664302601,5.601219360457902,4240.0,4049,-4.504716981132075,1.25,1.25,0.0,0.023099922843061914,-0.22075289814159813,0.244,주택가격은 상승했지만 거래량은 감소하는 엇갈린 흐름이 나타남,167,LOW
2016-05-01,울산광역시,price_volume_cross,가격 ↑ + 거래량 ↓,276.09480131010946,283.8070348668768,2.7933280598445442,2000.0,1890,-5.5,1.75,1.5,-0.25,0.12095294752695583,-0.06594703060490027,0.187,주택가격은 상승했지만 거래량은 감소하는 엇갈린 흐름이 나타남,168,LOW
2022-11-01,대전광역시,price_volume_cross,가격 ↑ + 거래량 ↓,352.7172215540349,384.3467999068906,8.967404033604922,1388.0,882,-36.455331412103746,0.5,3.25,2.75,0.06956743675546025,-0.0928439879724188,0.162,주택가격은 상승했지만 거래량은 감소하는 엇갈린 흐름이 나타남,169,LOW
2023-01-01,대전광역시,price_volume_cross,가격 ↑ + 거래량 ↓,342.6182889642649,412.0313143798929,20.259579728059347,1357.0,1250,-7.885040530582168,0.5,3.5,3.0,0.04058426777630979,-0.12028786996922672,0.161,주택가격은 상승했지만 거래량은 감소하는 엇갈린 흐름이 나타남,170,LOW
2017-04-01,경기도,price_volume_cross,가격 ↑ + 거래량 ↓,362.07099893855406,381.11539856555606,5.259852261802933,15129.0,12616,-16.61048317800251,1.5,1.25,-0.25,0.027872971442615205,-0.08366924619230048,0.112,주택가격은 상승했지만 거래량은 감소하는 엇갈린 흐름이 나타남,171,LOW
